customer_id,name,email,company,days_inactive,current_sessions,previous_sessions,support_complaints,payment_delay,billing_cycle,code_module,region
AAA-2013J-200860,Lucas Kim,200860@education.demo,AAA · 2013J,7,44,69,1,0,yearly,AAA,London Region
AAA-2013J-238007,Lucas Patel,238007@education.demo,AAA · 2013J,16,70,252,0,0,yearly,AAA,South Region
AAA-2013J-2562034,Liam Anderson,2562034@education.demo,AAA · 2013J,20,3,48,2,0,yearly,AAA,East Anglian Region
AAA-2013J-2650282,Olivia Taylor,2650282@education.demo,AAA · 2013J,6,27,72,1,0,yearly,AAA,London Region
AAA-2013J-404804,Harper Khan,404804@education.demo,AAA · 2013J,15,16,0,1,0,yearly,AAA,Wales
AAA-2013J-495284,Isabella Martin,495284@education.demo,AAA · 2013J,0,21,36,0,0,yearly,AAA,South East Region
AAA-2013J-564450,Leo Thomas,564450@education.demo,AAA · 2013J,1,54,50,0,0,yearly,AAA,West Midlands Region
AAA-2013J-568601,Charlotte Brown,568601@education.demo,AAA · 2013J,136,0,0,0,1,yearly,AAA,Scotland
AAA-2013J-591774,Sophia Garcia,591774@education.demo,AAA · 2013J,5,24,30,0,0,yearly,AAA,South Region
AAA-2014J-109155,Olivia White,109155@education.demo,AAA · 2014J,7,3,270,0,0,yearly,AAA,South Region
AAA-2014J-235507,Charlotte Smith,235507@education.demo,AAA · 2014J,23,40,174,1,0,yearly,AAA,Yorkshire Region
AAA-2014J-248581,Leo Moore,248581@education.demo,AAA · 2014J,27,19,383,0,0,yearly,AAA,West Midlands Region
AAA-2014J-294496,Sophia Martin,294496@education.demo,AAA · 2014J,0,38,183,3,0,yearly,AAA,North Western Region
AAA-2014J-302476,Isabella Johnson,302476@education.demo,AAA · 2014J,18,19,226,0,0,yearly,AAA,South East Region
AAA-2014J-411971,Leo Patel,411971@education.demo,AAA · 2014J,4,7,345,0,0,yearly,AAA,Ireland
AAA-2014J-447481,Henry Martin,447481@education.demo,AAA · 2014J,25,169,221,1,0,yearly,AAA,Ireland
AAA-2014J-46844,Ethan Johnson,46844@education.demo,AAA · 2014J,4,9,37,0,0,yearly,AAA,North Region
AAA-2014J-628312,Benjamin Patel,628312@education.demo,AAA · 2014J,264,0,0,0,1,yearly,AAA,South East Region
BBB-2013B-153212,Noah Anderson,153212@education.demo,BBB · 2013B,7,92,120,2,0,yearly,BBB,South West Region
BBB-2013B-186780,Ava Smith,186780@education.demo,BBB · 2013B,231,0,0,2,1,yearly,BBB,North Western Region
BBB-2013B-2076177,Henry Moore,2076177@education.demo,BBB · 2013B,220,0,0,0,1,yearly,BBB,London Region
BBB-2013B-2205383,Noah Wilson,2205383@education.demo,BBB · 2013B,11,31,387,1,0,yearly,BBB,North Western Region
BBB-2013B-2293443,Benjamin Garcia,2293443@education.demo,BBB · 2013B,5,164,161,0,0,yearly,BBB,South East Region
BBB-2013B-2620178,Harper Anderson,2620178@education.demo,BBB · 2013B,13,4,49,0,0,yearly,BBB,South Region
BBB-2013B-2654302,Isabella Thomas,2654302@education.demo,BBB · 2013B,5,1,0,0,0,yearly,BBB,West Midlands Region
BBB-2013B-376617,Amelia Khan,376617@education.demo,BBB · 2013B,14,14,26,2,0,yearly,BBB,West Midlands Region
BBB-2013B-412407,Sophia Martin,412407@education.demo,BBB · 2013B,1,71,125,0,0,yearly,BBB,South East Region
BBB-2013B-423871,James Garcia,423871@education.demo,BBB · 2013B,0,897,815,0,0,yearly,BBB,Yorkshire Region
BBB-2013B-483064,Leo Wilson,483064@education.demo,BBB · 2013B,2,255,89,0,0,yearly,BBB,North Region
BBB-2013B-483952,Leo Jackson,483952@education.demo,BBB · 2013B,0,91,174,0,0,yearly,BBB,East Anglian Region
BBB-2013B-488425,James Taylor,488425@education.demo,BBB · 2013B,113,0,0,0,0,yearly,BBB,South East Region
BBB-2013B-488929,Noah Martin,488929@education.demo,BBB · 2013B,0,0,0,0,1,yearly,BBB,South East Region
BBB-2013B-492240,Amelia Garcia,492240@education.demo,BBB · 2013B,0,264,26,0,0,yearly,BBB,South Region
BBB-2013B-499027,Olivia Smith,499027@education.demo,BBB · 2013B,17,14,40,0,0,yearly,BBB,West Midlands Region
BBB-2013B-499511,Harper Thomas,499511@education.demo,BBB · 2013B,13,15,35,0,0,yearly,BBB,South West Region
BBB-2013B-505499,Benjamin Wilson,505499@education.demo,BBB · 2013B,0,0,0,0,1,yearly,BBB,South East Region
BBB-2013B-509737,Olivia Brown,509737@education.demo,BBB · 2013B,242,0,0,0,0,yearly,BBB,Scotland
BBB-2013B-510492,Mia Jackson,510492@education.demo,BBB · 2013B,55,0,15,2,0,yearly,BBB,South West Region
BBB-2013B-512180,Ava Taylor,512180@education.demo,BBB · 2013B,154,0,0,0,0,yearly,BBB,Wales
BBB-2013B-515311,James Kim,515311@education.demo,BBB · 2013B,4,47,32,1,0,yearly,BBB,West Midlands Region
BBB-2013B-519800,Mia White,519800@education.demo,BBB · 2013B,2,107,134,1,0,yearly,BBB,Wales
BBB-2013B-524496,Olivia Thomas,524496@education.demo,BBB · 2013B,0,0,0,0,1,yearly,BBB,West Midlands Region
BBB-2013B-526506,Isabella Garcia,526506@education.demo,BBB · 2013B,161,0,0,0,1,yearly,BBB,Yorkshire Region
BBB-2013B-529212,Ava Jackson,529212@education.demo,BBB · 2013B,13,19,4,3,0,yearly,BBB,West Midlands Region
BBB-2013B-532317,Benjamin Kim,532317@education.demo,BBB · 2013B,0,0,0,0,0,yearly,BBB,Yorkshire Region
BBB-2013B-534151,Henry Khan,534151@education.demo,BBB · 2013B,195,0,0,0,1,yearly,BBB,North Region
BBB-2013B-535755,Sophia Moore,535755@education.demo,BBB · 2013B,13,9,50,0,0,yearly,BBB,North Western Region
BBB-2013B-537193,Lucas Thomas,537193@education.demo,BBB · 2013B,0,87,402,0,0,yearly,BBB,Yorkshire Region
BBB-2013B-542396,Charlotte White,542396@education.demo,BBB · 2013B,210,0,0,0,1,yearly,BBB,South Region
BBB-2013B-542622,Lucas Patel,542622@education.demo,BBB · 2013B,0,0,0,0,0,yearly,BBB,North Western Region
BBB-2013B-543896,Mia Patel,543896@education.demo,BBB · 2013B,0,0,0,0,1,yearly,BBB,South East Region
BBB-2013B-544859,Amelia Jackson,544859@education.demo,BBB · 2013B,6,18,19,1,0,yearly,BBB,North Western Region
BBB-2013B-546015,Ava Smith,546015@education.demo,BBB · 2013B,0,0,0,0,1,yearly,BBB,West Midlands Region
BBB-2013B-547755,Liam Wilson,547755@education.demo,BBB · 2013B,204,0,0,0,1,yearly,BBB,Wales
BBB-2013B-548124,James Wilson,548124@education.demo,BBB · 2013B,5,73,23,0,0,yearly,BBB,South Region
BBB-2013B-548981,Henry White,548981@education.demo,BBB · 2013B,13,1,0,0,0,yearly,BBB,Yorkshire Region
BBB-2013B-551504,James Taylor,551504@education.demo,BBB · 2013B,0,0,0,0,0,yearly,BBB,Yorkshire Region
BBB-2013B-555414,Isabella Smith,555414@education.demo,BBB · 2013B,9,21,44,0,0,yearly,BBB,North Western Region
BBB-2013B-555838,Ava Khan,555838@education.demo,BBB · 2013B,12,61,31,1,0,yearly,BBB,Wales
BBB-2013B-557285,Charlotte Martin,557285@education.demo,BBB · 2013B,25,36,20,0,0,yearly,BBB,South Region
BBB-2013B-558042,Isabella Moore,558042@education.demo,BBB · 2013B,54,0,3,0,0,yearly,BBB,Yorkshire Region
BBB-2013B-558974,Noah Anderson,558974@education.demo,BBB · 2013B,0,0,0,0,1,yearly,BBB,West Midlands Region
BBB-2013B-561452,Leo Wilson,561452@education.demo,BBB · 2013B,13,69,122,0,0,yearly,BBB,South West Region
BBB-2013B-562465,Liam Patel,562465@education.demo,BBB · 2013B,5,42,7,0,0,yearly,BBB,West Midlands Region
BBB-2013J-2239140,Henry Brown,2239140@education.demo,BBB · 2013J,235,0,0,0,0,yearly,BBB,South Region
BBB-2013J-2242290,Harper Kim,2242290@education.demo,BBB · 2013J,157,0,0,0,0,yearly,BBB,North Western Region
BBB-2013J-2346025,Benjamin Smith,2346025@education.demo,BBB · 2013J,0,0,0,1,0,yearly,BBB,Scotland
BBB-2013J-241338,Charlotte Taylor,241338@education.demo,BBB · 2013J,146,0,0,0,0,yearly,BBB,South West Region
BBB-2013J-2420909,Liam Thomas,2420909@education.demo,BBB · 2013J,26,2,0,0,0,yearly,BBB,West Midlands Region
BBB-2013J-2455066,Ethan Moore,2455066@education.demo,BBB · 2013J,26,263,876,0,0,yearly,BBB,Yorkshire Region
BBB-2013J-2468706,James Jackson,2468706@education.demo,BBB · 2013J,0,13,49,0,0,yearly,BBB,Scotland
BBB-2013J-2662716,Leo Smith,2662716@education.demo,BBB · 2013J,158,0,0,1,0,yearly,BBB,East Anglian Region
BBB-2013J-2693772,Ethan Kim,2693772@education.demo,BBB · 2013J,267,0,0,0,1,yearly,BBB,London Region
BBB-2013J-314850,Mia Patel,314850@education.demo,BBB · 2013J,179,0,0,0,1,yearly,BBB,South East Region
BBB-2013J-339656,Noah Lee,339656@education.demo,BBB · 2013J,0,0,0,0,1,yearly,BBB,London Region
BBB-2013J-375960,Olivia Lee,375960@education.demo,BBB · 2013J,7,29,0,2,0,yearly,BBB,North Region
BBB-2013J-409930,Ava Lee,409930@education.demo,BBB · 2013J,61,0,0,0,0,yearly,BBB,East Anglian Region
BBB-2013J-417785,Noah Martin,417785@education.demo,BBB · 2013J,247,0,0,0,0,yearly,BBB,North Western Region
BBB-2013J-420163,Isabella Johnson,420163@education.demo,BBB · 2013J,25,3,54,0,0,yearly,BBB,South West Region
BBB-2013J-48040,Henry Thomas,48040@education.demo,BBB · 2013J,0,85,198,0,0,yearly,BBB,East Midlands Region
BBB-2013J-482556,Noah Brown,482556@education.demo,BBB · 2013J,269,0,0,0,1,yearly,BBB,East Anglian Region
BBB-2013J-491966,James Moore,491966@education.demo,BBB · 2013J,7,29,9,0,0,yearly,BBB,East Anglian Region
BBB-2013J-492153,Mia Wilson,492153@education.demo,BBB · 2013J,12,20,106,1,0,yearly,BBB,East Anglian Region
BBB-2013J-498841,Sophia Thomas,498841@education.demo,BBB · 2013J,35,0,18,0,1,yearly,BBB,East Midlands Region
BBB-2013J-501053,Olivia Smith,501053@education.demo,BBB · 2013J,145,0,0,0,0,yearly,BBB,South East Region
BBB-2013J-510868,Liam Khan,510868@education.demo,BBB · 2013J,268,0,0,1,1,yearly,BBB,London Region
BBB-2013J-512581,Lucas Wilson,512581@education.demo,BBB · 2013J,62,0,0,1,0,yearly,BBB,Scotland
BBB-2013J-514824,Isabella White,514824@education.demo,BBB · 2013J,0,0,0,0,1,yearly,BBB,London Region
BBB-2013J-515209,Amelia Jackson,515209@education.demo,BBB · 2013J,0,0,0,0,1,yearly,BBB,East Midlands Region
BBB-2013J-520006,Ethan Johnson,520006@education.demo,BBB · 2013J,34,0,22,0,0,yearly,BBB,East Midlands Region
BBB-2013J-523875,Sophia White,523875@education.demo,BBB · 2013J,0,206,901,0,0,yearly,BBB,Scotland
BBB-2013J-53360,Harper Wilson,53360@education.demo,BBB · 2013J,258,0,0,0,1,yearly,BBB,North Western Region
BBB-2013J-534998,Mia Thomas,534998@education.demo,BBB · 2013J,25,6,152,0,0,yearly,BBB,North Region
BBB-2013J-535833,Lucas Johnson,535833@education.demo,BBB · 2013J,0,11,0,0,0,yearly,BBB,South West Region
BBB-2013J-543279,Sophia Taylor,543279@education.demo,BBB · 2013J,64,0,0,1,0,yearly,BBB,Yorkshire Region
BBB-2013J-544627,Benjamin Garcia,544627@education.demo,BBB · 2013J,0,0,0,0,0,yearly,BBB,East Anglian Region
BBB-2013J-547266,Ava Anderson,547266@education.demo,BBB · 2013J,0,0,0,0,1,yearly,BBB,Yorkshire Region
BBB-2013J-563174,James Martin,563174@education.demo,BBB · 2013J,217,0,0,0,0,yearly,BBB,London Region
BBB-2013J-564958,Charlotte White,564958@education.demo,BBB · 2013J,26,4,8,2,0,yearly,BBB,South Region
BBB-2013J-567262,Sophia Anderson,567262@education.demo,BBB · 2013J,11,41,0,0,0,yearly,BBB,South Region
BBB-2013J-567429,Harper Lee,567429@education.demo,BBB · 2013J,8,10,0,0,0,yearly,BBB,East Midlands Region
BBB-2013J-571871,Olivia Garcia,571871@education.demo,BBB · 2013J,22,15,121,2,0,yearly,BBB,South East Region
BBB-2013J-574727,Ava Moore,574727@education.demo,BBB · 2013J,0,0,0,0,1,yearly,BBB,North Western Region
BBB-2013J-575794,Henry Taylor,575794@education.demo,BBB · 2013J,0,0,0,0,1,yearly,BBB,Wales
BBB-2013J-577280,Charlotte Johnson,577280@education.demo,BBB · 2013J,4,94,95,0,0,yearly,BBB,Wales
BBB-2013J-578062,Charlotte Patel,578062@education.demo,BBB · 2013J,209,0,0,1,0,yearly,BBB,West Midlands Region
BBB-2013J-578739,Ava White,578739@education.demo,BBB · 2013J,264,0,0,0,1,yearly,BBB,West Midlands Region
BBB-2013J-580412,Ava Wilson,580412@education.demo,BBB · 2013J,137,0,0,0,1,yearly,BBB,North Region
BBB-2013J-582833,Sophia Taylor,582833@education.demo,BBB · 2013J,61,0,0,0,0,yearly,BBB,Wales
BBB-2013J-585963,Lucas Garcia,585963@education.demo,BBB · 2013J,173,0,0,0,0,yearly,BBB,East Midlands Region
BBB-2013J-586165,Sophia Wilson,586165@education.demo,BBB · 2013J,27,9,12,0,0,yearly,BBB,East Midlands Region
BBB-2013J-586393,Amelia Lee,586393@education.demo,BBB · 2013J,0,0,0,0,0,yearly,BBB,South Region
BBB-2013J-587810,Amelia Jackson,587810@education.demo,BBB · 2013J,0,33,186,0,0,yearly,BBB,Wales
BBB-2013J-589471,Amelia Anderson,589471@education.demo,BBB · 2013J,199,0,0,0,1,yearly,BBB,South Region
BBB-2013J-590310,Liam Lee,590310@education.demo,BBB · 2013J,0,0,0,0,1,yearly,BBB,East Midlands Region
BBB-2013J-590931,Leo Lee,590931@education.demo,BBB · 2013J,25,15,50,0,0,yearly,BBB,Ireland
BBB-2013J-595241,Benjamin Moore,595241@education.demo,BBB · 2013J,101,0,0,3,0,yearly,BBB,South West Region
BBB-2013J-596095,Leo Jackson,596095@education.demo,BBB · 2013J,0,0,0,0,1,yearly,BBB,Wales
BBB-2013J-599292,Sophia White,599292@education.demo,BBB · 2013J,1,338,49,1,0,yearly,BBB,East Midlands Region
BBB-2013J-599434,Isabella Johnson,599434@education.demo,BBB · 2013J,149,0,0,1,0,yearly,BBB,East Midlands Region
BBB-2013J-600967,James Brown,600967@education.demo,BBB · 2013J,246,0,0,0,0,yearly,BBB,London Region
BBB-2013J-601251,Leo Khan,601251@education.demo,BBB · 2013J,20,14,110,0,0,yearly,BBB,West Midlands Region
BBB-2013J-601505,Sophia Kim,601505@education.demo,BBB · 2013J,27,3,11,0,0,yearly,BBB,Scotland
BBB-2013J-605914,Leo Khan,605914@education.demo,BBB · 2013J,0,0,0,0,1,yearly,BBB,North Region
BBB-2013J-605916,Lucas Lee,605916@education.demo,BBB · 2013J,4,101,536,0,0,yearly,BBB,South Region
BBB-2013J-610449,Mia Johnson,610449@education.demo,BBB · 2013J,0,0,0,0,1,yearly,BBB,East Anglian Region
BBB-2013J-610731,Mia Johnson,610731@education.demo,BBB · 2013J,173,0,0,0,0,yearly,BBB,Wales
BBB-2013J-610770,Ava Moore,610770@education.demo,BBB · 2013J,0,0,0,0,1,yearly,BBB,Wales
BBB-2013J-63044,Henry Moore,63044@education.demo,BBB · 2013J,158,0,0,1,0,yearly,BBB,London Region
BBB-2013J-90243,Noah Taylor,90243@education.demo,BBB · 2013J,7,128,27,0,0,yearly,BBB,Wales
BBB-2014B-1332999,Harper Johnson,1332999@education.demo,BBB · 2014B,5,42,68,0,0,yearly,BBB,Wales
BBB-2014B-1786380,Ethan Taylor,1786380@education.demo,BBB · 2014B,15,1,43,0,0,yearly,BBB,South East Region
BBB-2014B-200506,Ava Moore,200506@education.demo,BBB · 2014B,0,0,0,0,1,yearly,BBB,North Western Region
BBB-2014B-226747,Mia Wilson,226747@education.demo,BBB · 2014B,34,0,12,0,0,yearly,BBB,East Anglian Region
BBB-2014B-2353787,Harper Moore,2353787@education.demo,BBB · 2014B,0,0,0,0,1,yearly,BBB,East Midlands Region
BBB-2014B-2687644,Charlotte Brown,2687644@education.demo,BBB · 2014B,0,0,0,0,1,yearly,BBB,South West Region
BBB-2014B-283131,Benjamin Thomas,283131@education.demo,BBB · 2014B,66,0,0,0,0,yearly,BBB,West Midlands Region
BBB-2014B-351767,Isabella Moore,351767@education.demo,BBB · 2014B,0,0,0,0,1,yearly,BBB,South East Region
BBB-2014B-365111,Harper Moore,365111@education.demo,BBB · 2014B,36,0,1,0,1,yearly,BBB,Scotland
BBB-2014B-388041,Noah Wilson,388041@education.demo,BBB · 2014B,0,0,0,0,1,yearly,BBB,North Western Region
BBB-2014B-393131,Charlotte White,393131@education.demo,BBB · 2014B,153,0,0,1,0,yearly,BBB,Scotland
BBB-2014B-400729,Liam Thomas,400729@education.demo,BBB · 2014B,0,0,0,0,1,yearly,BBB,East Anglian Region
BBB-2014B-406974,Sophia Anderson,406974@education.demo,BBB · 2014B,98,0,0,0,0,yearly,BBB,West Midlands Region
BBB-2014B-411895,Henry Anderson,411895@education.demo,BBB · 2014B,191,0,0,0,0,yearly,BBB,East Anglian Region
BBB-2014B-415298,Noah Johnson,415298@education.demo,BBB · 2014B,0,0,0,0,0,yearly,BBB,South East Region
BBB-2014B-500395,Isabella Anderson,500395@education.demo,BBB · 2014B,190,0,0,0,1,yearly,BBB,East Midlands Region
BBB-2014B-510141,Lucas Johnson,510141@education.demo,BBB · 2014B,240,0,0,0,0,yearly,BBB,East Anglian Region
BBB-2014B-524290,Sophia Thomas,524290@education.demo,BBB · 2014B,0,63,153,0,0,yearly,BBB,South Region
BBB-2014B-526948,Charlotte Khan,526948@education.demo,BBB · 2014B,0,0,0,0,1,yearly,BBB,London Region
BBB-2014B-535506,Olivia Jackson,535506@education.demo,BBB · 2014B,0,134,84,2,0,yearly,BBB,Wales
BBB-2014B-545254,Isabella Johnson,545254@education.demo,BBB · 2014B,1,48,138,0,0,yearly,BBB,Ireland
BBB-2014B-549087,Olivia Johnson,549087@education.demo,BBB · 2014B,181,0,0,0,0,yearly,BBB,Yorkshire Region
BBB-2014B-555994,Olivia White,555994@education.demo,BBB · 2014B,12,2,60,1,0,yearly,BBB,London Region
BBB-2014B-556012,Benjamin Wilson,556012@education.demo,BBB · 2014B,26,5,19,3,0,yearly,BBB,East Anglian Region
BBB-2014B-556853,Leo Garcia,556853@education.demo,BBB · 2014B,14,7,17,0,0,yearly,BBB,South Region
BBB-2014B-571614,Leo Martin,571614@education.demo,BBB · 2014B,4,82,23,1,0,yearly,BBB,Ireland
BBB-2014B-571880,Benjamin Brown,571880@education.demo,BBB · 2014B,15,1,56,0,0,yearly,BBB,Scotland
BBB-2014B-573488,Henry Johnson,573488@education.demo,BBB · 2014B,15,1,13,1,0,yearly,BBB,East Anglian Region
BBB-2014B-587538,Harper Patel,587538@education.demo,BBB · 2014B,16,6,2,0,0,yearly,BBB,South East Region
BBB-2014B-605474,Benjamin Kim,605474@education.demo,BBB · 2014B,0,0,0,0,0,yearly,BBB,Scotland
BBB-2014B-606335,James Jackson,606335@education.demo,BBB · 2014B,237,0,0,0,1,yearly,BBB,North Western Region
BBB-2014B-610802,Benjamin Taylor,610802@education.demo,BBB · 2014B,69,0,0,0,0,yearly,BBB,Wales
BBB-2014B-612561,Leo Smith,612561@education.demo,BBB · 2014B,0,0,0,0,1,yearly,BBB,West Midlands Region
BBB-2014B-613199,James Moore,613199@education.demo,BBB · 2014B,15,101,75,1,0,yearly,BBB,Ireland
BBB-2014B-615018,Mia Patel,615018@education.demo,BBB · 2014B,0,0,0,0,1,yearly,BBB,London Region
BBB-2014B-617714,Henry Taylor,617714@education.demo,BBB · 2014B,119,0,0,0,1,yearly,BBB,London Region
BBB-2014B-619054,Charlotte Smith,619054@education.demo,BBB · 2014B,199,0,0,0,1,yearly,BBB,Scotland
BBB-2014B-619901,Charlotte White,619901@education.demo,BBB · 2014B,0,0,0,0,1,yearly,BBB,London Region
BBB-2014B-622223,Olivia Jackson,622223@education.demo,BBB · 2014B,232,0,0,0,0,yearly,BBB,Scotland
BBB-2014B-622604,Harper Smith,622604@education.demo,BBB · 2014B,40,0,20,0,0,yearly,BBB,South Region
BBB-2014B-623651,Liam Khan,623651@education.demo,BBB · 2014B,0,0,0,0,1,yearly,BBB,North Western Region
BBB-2014B-624677,Noah Khan,624677@education.demo,BBB · 2014B,195,0,0,0,0,yearly,BBB,London Region
BBB-2014B-625185,Olivia White,625185@education.demo,BBB · 2014B,11,57,60,0,0,yearly,BBB,East Midlands Region
BBB-2014B-625307,Harper Martin,625307@education.demo,BBB · 2014B,0,0,0,0,1,yearly,BBB,East Anglian Region
BBB-2014B-626428,Ava Patel,626428@education.demo,BBB · 2014B,187,0,0,0,0,yearly,BBB,Wales
BBB-2014B-626597,Charlotte Anderson,626597@education.demo,BBB · 2014B,0,0,0,0,1,yearly,BBB,West Midlands Region
BBB-2014B-627613,Lucas Wilson,627613@education.demo,BBB · 2014B,194,0,0,0,0,yearly,BBB,North Western Region
BBB-2014B-629103,Noah Jackson,629103@education.demo,BBB · 2014B,9,1,30,1,0,yearly,BBB,East Anglian Region
BBB-2014B-630586,Amelia Khan,630586@education.demo,BBB · 2014B,7,1,24,2,0,yearly,BBB,West Midlands Region
BBB-2014B-631679,Noah White,631679@education.demo,BBB · 2014B,2,67,62,0,0,yearly,BBB,Wales
BBB-2014B-633613,Mia Anderson,633613@education.demo,BBB · 2014B,0,0,0,0,1,yearly,BBB,East Anglian Region
BBB-2014B-63721,Harper Brown,63721@education.demo,BBB · 2014B,16,2,38,0,0,yearly,BBB,South East Region
BBB-2014J-106095,Henry Garcia,106095@education.demo,BBB · 2014J,26,71,104,1,0,yearly,BBB,North Western Region
BBB-2014J-145280,Ethan Lee,145280@education.demo,BBB · 2014J,26,7,55,1,0,yearly,BBB,East Midlands Region
BBB-2014J-151917,Amelia Kim,151917@education.demo,BBB · 2014J,27,4,49,1,0,yearly,BBB,West Midlands Region
BBB-2014J-1874935,Noah Jackson,1874935@education.demo,BBB · 2014J,27,35,72,1,0,yearly,BBB,South Region
BBB-2014J-188766,Harper Jackson,188766@education.demo,BBB · 2014J,9,14,19,1,0,yearly,BBB,Ireland
BBB-2014J-1891028,Olivia Patel,1891028@education.demo,BBB · 2014J,151,0,0,1,0,yearly,BBB,South Region
BBB-2014J-2326401,Mia Kim,2326401@education.demo,BBB · 2014J,139,0,0,2,1,yearly,BBB,South Region
BBB-2014J-2426864,Mia Garcia,2426864@education.demo,BBB · 2014J,27,17,1,3,0,yearly,BBB,East Midlands Region
BBB-2014J-242893,James Jackson,242893@education.demo,BBB · 2014J,216,0,0,0,1,yearly,BBB,Yorkshire Region
BBB-2014J-2552708,Noah Garcia,2552708@education.demo,BBB · 2014J,25,126,3,0,0,yearly,BBB,South East Region
BBB-2014J-267774,Benjamin Lee,267774@education.demo,BBB · 2014J,128,0,0,0,1,yearly,BBB,Scotland
BBB-2014J-297179,James White,297179@education.demo,BBB · 2014J,21,81,51,1,0,yearly,BBB,North Region
BBB-2014J-32327,Amelia Johnson,32327@education.demo,BBB · 2014J,160,0,0,1,1,yearly,BBB,South West Region
BBB-2014J-366479,Mia Johnson,366479@education.demo,BBB · 2014J,8,20,66,2,0,yearly,BBB,East Anglian Region
BBB-2014J-418206,Olivia Jackson,418206@education.demo,BBB · 2014J,0,0,0,0,1,yearly,BBB,North Western Region
BBB-2014J-447124,Isabella White,447124@education.demo,BBB · 2014J,28,0,589,1,0,yearly,BBB,Scotland
BBB-2014J-506020,James Garcia,506020@education.demo,BBB · 2014J,26,5,47,0,0,yearly,BBB,Scotland
BBB-2014J-533209,Harper Garcia,533209@education.demo,BBB · 2014J,25,5,138,0,0,yearly,BBB,Wales
BBB-2014J-561773,Henry Jackson,561773@education.demo,BBB · 2014J,0,0,0,0,1,yearly,BBB,North Western Region
BBB-2014J-564278,Henry White,564278@education.demo,BBB · 2014J,0,31,188,0,0,yearly,BBB,London Region
BBB-2014J-574865,Amelia Martin,574865@education.demo,BBB · 2014J,7,99,371,1,0,yearly,BBB,South Region
BBB-2014J-577743,Henry Lee,577743@education.demo,BBB · 2014J,28,0,29,1,0,yearly,BBB,West Midlands Region
BBB-2014J-578710,Noah Kim,578710@education.demo,BBB · 2014J,48,0,107,0,0,yearly,BBB,South West Region
BBB-2014J-581178,Ethan Khan,581178@education.demo,BBB · 2014J,7,3,13,0,0,yearly,BBB,North Western Region
BBB-2014J-582709,Harper Kim,582709@education.demo,BBB · 2014J,1,33,15,0,0,yearly,BBB,East Anglian Region
BBB-2014J-587054,Benjamin Martin,587054@education.demo,BBB · 2014J,24,67,399,0,0,yearly,BBB,Wales
BBB-2014J-593346,James Taylor,593346@education.demo,BBB · 2014J,26,267,114,1,0,yearly,BBB,North Western Region
BBB-2014J-602696,Olivia Jackson,602696@education.demo,BBB · 2014J,17,1,125,0,0,yearly,BBB,East Midlands Region
BBB-2014J-606914,Ethan Thomas,606914@education.demo,BBB · 2014J,110,0,0,1,1,yearly,BBB,South East Region
BBB-2014J-612230,Leo Patel,612230@education.demo,BBB · 2014J,22,23,68,0,0,yearly,BBB,South East Region
BBB-2014J-618858,Ethan Johnson,618858@education.demo,BBB · 2014J,0,0,0,0,1,yearly,BBB,London Region
BBB-2014J-630834,Olivia Johnson,630834@education.demo,BBB · 2014J,1,63,226,0,0,yearly,BBB,West Midlands Region
BBB-2014J-635890,Liam Taylor,635890@education.demo,BBB · 2014J,50,0,1,1,0,yearly,BBB,Scotland
BBB-2014J-642083,James Anderson,642083@education.demo,BBB · 2014J,0,30,111,1,0,yearly,BBB,South East Region
BBB-2014J-642122,Liam Lee,642122@education.demo,BBB · 2014J,117,0,0,0,0,yearly,BBB,Scotland
BBB-2014J-644822,Charlotte Wilson,644822@education.demo,BBB · 2014J,21,149,5,1,0,yearly,BBB,East Anglian Region
BBB-2014J-644975,Noah Jackson,644975@education.demo,BBB · 2014J,0,0,0,0,1,yearly,BBB,East Anglian Region
BBB-2014J-648416,Benjamin Taylor,648416@education.demo,BBB · 2014J,4,16,112,1,0,yearly,BBB,North Region
BBB-2014J-648449,Leo Khan,648449@education.demo,BBB · 2014J,15,54,387,0,0,yearly,BBB,East Anglian Region
BBB-2014J-649027,Leo Patel,649027@education.demo,BBB · 2014J,111,0,0,1,0,yearly,BBB,Yorkshire Region
BBB-2014J-649291,Isabella Jackson,649291@education.demo,BBB · 2014J,22,79,453,0,0,yearly,BBB,South Region
BBB-2014J-649578,Sophia Jackson,649578@education.demo,BBB · 2014J,24,1,1,0,0,yearly,BBB,Scotland
BBB-2014J-649742,Noah Wilson,649742@education.demo,BBB · 2014J,17,16,90,0,0,yearly,BBB,West Midlands Region
BBB-2014J-650269,Amelia Smith,650269@education.demo,BBB · 2014J,27,8,3,1,0,yearly,BBB,Yorkshire Region
BBB-2014J-650451,Isabella Smith,650451@education.demo,BBB · 2014J,168,0,0,0,1,yearly,BBB,Wales
BBB-2014J-651257,Amelia Moore,651257@education.demo,BBB · 2014J,20,21,98,0,0,yearly,BBB,Wales
BBB-2014J-651429,Charlotte Martin,651429@education.demo,BBB · 2014J,13,26,178,2,0,yearly,BBB,Scotland
BBB-2014J-651655,Henry Moore,651655@education.demo,BBB · 2014J,26,37,85,1,0,yearly,BBB,London Region
BBB-2014J-651659,Olivia Anderson,651659@education.demo,BBB · 2014J,8,19,41,1,0,yearly,BBB,London Region
BBB-2014J-652105,Benjamin Jackson,652105@education.demo,BBB · 2014J,0,0,0,0,0,yearly,BBB,Wales
BBB-2014J-652226,Liam Moore,652226@education.demo,BBB · 2014J,27,7,5,0,0,yearly,BBB,South West Region
BBB-2014J-652886,Lucas Patel,652886@education.demo,BBB · 2014J,96,0,0,1,0,yearly,BBB,South Region
BBB-2014J-656698,Leo Jackson,656698@education.demo,BBB · 2014J,25,164,47,1,0,yearly,BBB,Ireland
BBB-2014J-656711,Lucas Taylor,656711@education.demo,BBB · 2014J,25,18,0,1,0,yearly,BBB,Ireland
BBB-2014J-674616,Noah White,674616@education.demo,BBB · 2014J,25,3,0,3,0,yearly,BBB,Yorkshire Region
BBB-2014J-674746,Benjamin Johnson,674746@education.demo,BBB · 2014J,244,0,0,0,1,yearly,BBB,East Anglian Region
BBB-2014J-674784,Ethan Taylor,674784@education.demo,BBB · 2014J,21,52,22,1,0,yearly,BBB,South West Region
BBB-2014J-676785,Liam Johnson,676785@education.demo,BBB · 2014J,0,0,0,0,1,yearly,BBB,East Midlands Region
BBB-2014J-682480,Mia Patel,682480@education.demo,BBB · 2014J,25,52,1,1,0,yearly,BBB,South East Region
BBB-2014J-683465,Harper Moore,683465@education.demo,BBB · 2014J,0,0,0,0,1,yearly,BBB,Yorkshire Region
BBB-2014J-683779,Lucas Garcia,683779@education.demo,BBB · 2014J,6,3,62,0,0,yearly,BBB,Wales
BBB-2014J-685009,Olivia Thomas,685009@education.demo,BBB · 2014J,38,0,11,1,0,yearly,BBB,South Region
BBB-2014J-685776,Olivia Brown,685776@education.demo,BBB · 2014J,229,0,0,0,0,yearly,BBB,Wales
BBB-2014J-685900,Noah Jackson,685900@education.demo,BBB · 2014J,202,0,0,0,0,yearly,BBB,Scotland
BBB-2014J-687402,Lucas Wilson,687402@education.demo,BBB · 2014J,25,9,6,0,0,yearly,BBB,Wales
BBB-2014J-690211,Leo Lee,690211@education.demo,BBB · 2014J,25,52,28,1,0,yearly,BBB,South Region
BBB-2014J-690319,Lucas Johnson,690319@education.demo,BBB · 2014J,28,0,25,0,0,yearly,BBB,Wales
BBB-2014J-692805,Amelia Taylor,692805@education.demo,BBB · 2014J,6,63,144,1,0,yearly,BBB,Scotland
BBB-2014J-693098,Lucas White,693098@education.demo,BBB · 2014J,25,12,20,0,0,yearly,BBB,South East Region
BBB-2014J-693744,Olivia Kim,693744@education.demo,BBB · 2014J,0,0,0,0,1,yearly,BBB,London Region
BBB-2014J-694342,Charlotte Anderson,694342@education.demo,BBB · 2014J,36,0,109,1,0,yearly,BBB,South Region
BBB-2014J-694380,Liam Patel,694380@education.demo,BBB · 2014J,224,0,0,1,1,yearly,BBB,Ireland
BBB-2014J-694476,Lucas Brown,694476@education.demo,BBB · 2014J,114,0,0,1,1,yearly,BBB,Ireland
BBB-2014J-694974,Noah Lee,694974@education.demo,BBB · 2014J,111,0,0,0,1,yearly,BBB,West Midlands Region
CCC-2014B-1047645,Isabella Jackson,1047645@education.demo,CCC · 2014B,245,0,0,0,1,yearly,CCC,South East Region
CCC-2014B-105523,Ethan Martin,105523@education.demo,CCC · 2014B,0,28,568,1,0,yearly,CCC,Scotland
CCC-2014B-1561431,Lucas Martin,1561431@education.demo,CCC · 2014B,2,3,2,2,0,yearly,CCC,East Midlands Region
CCC-2014B-1672690,Henry Wilson,1672690@education.demo,CCC · 2014B,219,0,0,0,0,yearly,CCC,South East Region
CCC-2014B-1894419,Benjamin Taylor,1894419@education.demo,CCC · 2014B,30,0,3,1,1,yearly,CCC,London Region
CCC-2014B-1922200,Liam Johnson,1922200@education.demo,CCC · 2014B,141,0,0,0,0,yearly,CCC,Ireland
CCC-2014B-2044299,Amelia Jackson,2044299@education.demo,CCC · 2014B,130,0,0,0,1,yearly,CCC,Scotland
CCC-2014B-2384615,Sophia Taylor,2384615@education.demo,CCC · 2014B,0,0,0,0,1,yearly,CCC,Scotland
CCC-2014B-2471283,James Martin,2471283@education.demo,CCC · 2014B,1,89,137,0,0,yearly,CCC,Scotland
CCC-2014B-2604856,Sophia Khan,2604856@education.demo,CCC · 2014B,243,0,0,0,1,yearly,CCC,South Region
CCC-2014B-2605030,Olivia Patel,2605030@education.demo,CCC · 2014B,246,0,0,0,1,yearly,CCC,Yorkshire Region
CCC-2014B-305974,Noah Garcia,305974@education.demo,CCC · 2014B,0,0,0,0,1,yearly,CCC,West Midlands Region
CCC-2014B-306150,Benjamin Brown,306150@education.demo,CCC · 2014B,0,0,0,0,1,yearly,CCC,Scotland
CCC-2014B-310088,Charlotte Taylor,310088@education.demo,CCC · 2014B,36,0,5,1,1,yearly,CCC,Ireland
CCC-2014B-338854,Olivia Thomas,338854@education.demo,CCC · 2014B,0,0,0,0,1,yearly,CCC,Wales
CCC-2014B-385387,Sophia Thomas,385387@education.demo,CCC · 2014B,0,682,1164,0,0,yearly,CCC,North Region
CCC-2014B-388750,Harper Kim,388750@education.demo,CCC · 2014B,85,0,0,1,1,yearly,CCC,East Anglian Region
CCC-2014B-391343,Mia Moore,391343@education.demo,CCC · 2014B,87,0,0,1,0,yearly,CCC,West Midlands Region
CCC-2014B-397506,Olivia Thomas,397506@education.demo,CCC · 2014B,0,539,889,0,0,yearly,CCC,South Region
CCC-2014B-406846,Olivia Garcia,406846@education.demo,CCC · 2014B,174,0,0,1,0,yearly,CCC,South West Region
CCC-2014B-440297,Ethan Smith,440297@education.demo,CCC · 2014B,252,0,0,0,1,yearly,CCC,Wales
CCC-2014B-445777,Amelia Lee,445777@education.demo,CCC · 2014B,0,115,319,0,0,yearly,CCC,Scotland
CCC-2014B-472856,Sophia Patel,472856@education.demo,CCC · 2014B,255,0,0,0,1,yearly,CCC,Wales
CCC-2014B-474759,Noah Anderson,474759@education.demo,CCC · 2014B,148,0,0,0,0,yearly,CCC,South Region
CCC-2014B-483275,Isabella Khan,483275@education.demo,CCC · 2014B,13,16,79,1,0,yearly,CCC,South East Region
CCC-2014B-510070,Amelia Thomas,510070@education.demo,CCC · 2014B,82,0,0,0,1,yearly,CCC,Scotland
CCC-2014B-510914,Ava Moore,510914@education.demo,CCC · 2014B,106,0,0,0,1,yearly,CCC,Wales
CCC-2014B-518116,Lucas Wilson,518116@education.demo,CCC · 2014B,163,0,0,0,0,yearly,CCC,South Region
CCC-2014B-524386,Amelia Anderson,524386@education.demo,CCC · 2014B,174,0,0,0,0,yearly,CCC,West Midlands Region
CCC-2014B-525332,Charlotte Smith,525332@education.demo,CCC · 2014B,71,0,0,2,0,yearly,CCC,London Region
CCC-2014B-528083,Leo Patel,528083@education.demo,CCC · 2014B,223,0,0,1,1,yearly,CCC,South East Region
CCC-2014B-535682,Lucas Moore,535682@education.demo,CCC · 2014B,21,1,1,1,0,yearly,CCC,Wales
CCC-2014B-536261,Olivia Smith,536261@education.demo,CCC · 2014B,34,0,68,0,0,yearly,CCC,West Midlands Region
CCC-2014B-552913,Ethan White,552913@education.demo,CCC · 2014B,13,68,58,0,0,yearly,CCC,London Region
CCC-2014B-556007,Lucas Smith,556007@education.demo,CCC · 2014B,0,0,0,0,1,yearly,CCC,East Anglian Region
CCC-2014B-556587,Benjamin Khan,556587@education.demo,CCC · 2014B,152,0,0,1,0,yearly,CCC,London Region
CCC-2014B-558122,Harper Garcia,558122@education.demo,CCC · 2014B,197,0,0,1,0,yearly,CCC,Scotland
CCC-2014B-560114,Mia Lee,560114@education.demo,CCC · 2014B,0,279,164,0,0,yearly,CCC,North Western Region
CCC-2014B-563631,Amelia White,563631@education.demo,CCC · 2014B,224,0,0,1,0,yearly,CCC,West Midlands Region
CCC-2014B-563819,Charlotte Khan,563819@education.demo,CCC · 2014B,19,1,9,0,0,yearly,CCC,South East Region
CCC-2014B-571776,Lucas Smith,571776@education.demo,CCC · 2014B,1,278,126,0,0,yearly,CCC,North Region
CCC-2014B-577352,Benjamin Lee,577352@education.demo,CCC · 2014B,0,0,0,0,0,yearly,CCC,East Anglian Region
CCC-2014B-579340,Liam Kim,579340@education.demo,CCC · 2014B,196,0,0,0,1,yearly,CCC,South Region
CCC-2014B-579550,James Patel,579550@education.demo,CCC · 2014B,4,14,93,3,0,yearly,CCC,Wales
CCC-2014B-586436,Benjamin Thomas,586436@education.demo,CCC · 2014B,183,0,0,0,0,yearly,CCC,East Anglian Region
CCC-2014B-587783,Noah Patel,587783@education.demo,CCC · 2014B,3,52,128,0,0,yearly,CCC,East Anglian Region
CCC-2014B-589023,Liam Martin,589023@education.demo,CCC · 2014B,0,0,0,0,1,yearly,CCC,North Region
CCC-2014B-589894,Charlotte Lee,589894@education.demo,CCC · 2014B,203,0,0,0,1,yearly,CCC,Scotland
CCC-2014B-591375,Ava White,591375@education.demo,CCC · 2014B,5,1,230,0,0,yearly,CCC,Scotland
CCC-2014B-601175,Ethan Jackson,601175@education.demo,CCC · 2014B,174,0,0,2,1,yearly,CCC,South West Region
CCC-2014B-602398,Liam Taylor,602398@education.demo,CCC · 2014B,211,0,0,0,0,yearly,CCC,West Midlands Region
CCC-2014B-602913,Ethan Jackson,602913@education.demo,CCC · 2014B,6,6,42,1,0,yearly,CCC,Yorkshire Region
CCC-2014B-609602,Henry Martin,609602@education.demo,CCC · 2014B,10,152,7,0,0,yearly,CCC,South Region
CCC-2014B-612381,Liam Garcia,612381@education.demo,CCC · 2014B,136,0,0,0,1,yearly,CCC,East Anglian Region
CCC-2014B-614265,Lucas White,614265@education.demo,CCC · 2014B,0,0,0,0,1,yearly,CCC,South Region
CCC-2014B-614804,Henry Khan,614804@education.demo,CCC · 2014B,84,0,0,2,1,yearly,CCC,Scotland
CCC-2014B-617307,Leo Jackson,617307@education.demo,CCC · 2014B,0,0,0,0,1,yearly,CCC,East Anglian Region
CCC-2014B-622398,James Kim,622398@education.demo,CCC · 2014B,252,0,0,0,1,yearly,CCC,North Western Region
CCC-2014B-622804,Isabella Garcia,622804@education.demo,CCC · 2014B,210,0,0,0,1,yearly,CCC,East Midlands Region
CCC-2014B-623347,Sophia Anderson,623347@education.demo,CCC · 2014B,6,15,53,0,0,yearly,CCC,Ireland
CCC-2014B-625782,Charlotte Taylor,625782@education.demo,CCC · 2014B,4,39,299,1,0,yearly,CCC,London Region
CCC-2014B-627307,Henry Khan,627307@education.demo,CCC · 2014B,227,0,0,0,1,yearly,CCC,South West Region
CCC-2014B-627933,Charlotte Garcia,627933@education.demo,CCC · 2014B,15,2,72,0,0,yearly,CCC,Scotland
CCC-2014B-629613,James Taylor,629613@education.demo,CCC · 2014B,219,0,0,0,0,yearly,CCC,London Region
CCC-2014B-632135,Ethan Lee,632135@education.demo,CCC · 2014B,148,0,0,1,1,yearly,CCC,West Midlands Region
CCC-2014B-632313,Olivia Anderson,632313@education.demo,CCC · 2014B,0,64,42,0,0,yearly,CCC,North Western Region
CCC-2014B-632836,Benjamin Thomas,632836@education.demo,CCC · 2014B,6,97,323,0,0,yearly,CCC,London Region
CCC-2014B-632889,Leo Anderson,632889@education.demo,CCC · 2014B,250,0,0,0,1,yearly,CCC,London Region
CCC-2014B-633330,Liam Brown,633330@education.demo,CCC · 2014B,215,0,0,0,0,yearly,CCC,South East Region
CCC-2014B-634570,James Martin,634570@education.demo,CCC · 2014B,13,25,136,0,0,yearly,CCC,East Anglian Region
CCC-2014B-83219,Isabella Thomas,83219@education.demo,CCC · 2014B,13,49,62,1,0,yearly,CCC,West Midlands Region
CCC-2014B-84299,Lucas Lee,84299@education.demo,CCC · 2014B,92,0,0,1,1,yearly,CCC,London Region
CCC-2014J-1101190,Benjamin Jackson,1101190@education.demo,CCC · 2014J,9,23,105,0,0,yearly,CCC,North Western Region
CCC-2014J-132423,Ava Kim,132423@education.demo,CCC · 2014J,237,0,0,0,1,yearly,CCC,London Region
CCC-2014J-1491894,Leo Taylor,1491894@education.demo,CCC · 2014J,240,0,0,0,1,yearly,CCC,Ireland
CCC-2014J-1841267,Amelia Brown,1841267@education.demo,CCC · 2014J,126,0,0,0,1,yearly,CCC,Scotland
CCC-2014J-1897054,Isabella Thomas,1897054@education.demo,CCC · 2014J,1,93,1375,0,0,yearly,CCC,London Region
CCC-2014J-2142516,Leo Khan,2142516@education.demo,CCC · 2014J,9,15,359,0,0,yearly,CCC,Scotland
CCC-2014J-2366117,Liam Jackson,2366117@education.demo,CCC · 2014J,0,77,255,0,0,yearly,CCC,Ireland
CCC-2014J-2424697,Henry Brown,2424697@education.demo,CCC · 2014J,250,0,0,0,1,yearly,CCC,East Anglian Region
CCC-2014J-2520539,Olivia Thomas,2520539@education.demo,CCC · 2014J,8,135,125,0,0,yearly,CCC,South West Region
CCC-2014J-2533650,Noah Jackson,2533650@education.demo,CCC · 2014J,160,0,0,0,0,yearly,CCC,South West Region
CCC-2014J-2590948,Isabella Johnson,2590948@education.demo,CCC · 2014J,226,0,0,0,0,yearly,CCC,West Midlands Region
CCC-2014J-2630469,Ava Garcia,2630469@education.demo,CCC · 2014J,241,0,0,0,1,yearly,CCC,South East Region
CCC-2014J-314555,Lucas Wilson,314555@education.demo,CCC · 2014J,0,0,0,0,1,yearly,CCC,South Region
CCC-2014J-316454,Mia Garcia,316454@education.demo,CCC · 2014J,0,0,0,0,1,yearly,CCC,North Western Region
CCC-2014J-320153,Ethan Thomas,320153@education.demo,CCC · 2014J,0,0,0,0,1,yearly,CCC,Yorkshire Region
CCC-2014J-357820,Henry Smith,357820@education.demo,CCC · 2014J,268,0,0,0,1,yearly,CCC,North Region
CCC-2014J-465764,Amelia Moore,465764@education.demo,CCC · 2014J,251,0,0,1,1,yearly,CCC,East Midlands Region
CCC-2014J-46705,Charlotte Martin,46705@education.demo,CCC · 2014J,48,0,57,2,0,yearly,CCC,Ireland
CCC-2014J-474628,Lucas Garcia,474628@education.demo,CCC · 2014J,0,58,339,1,0,yearly,CCC,South West Region
CCC-2014J-477185,Olivia Thomas,477185@education.demo,CCC · 2014J,96,0,0,0,1,yearly,CCC,South East Region
CCC-2014J-479987,Ethan Patel,479987@education.demo,CCC · 2014J,161,0,0,0,1,yearly,CCC,Scotland
CCC-2014J-493416,Charlotte Kim,493416@education.demo,CCC · 2014J,1,34,47,0,0,yearly,CCC,South West Region
CCC-2014J-496530,Isabella Khan,496530@education.demo,CCC · 2014J,142,0,0,0,0,yearly,CCC,East Midlands Region
CCC-2014J-498828,Sophia Anderson,498828@education.demo,CCC · 2014J,28,0,118,0,0,yearly,CCC,East Anglian Region
CCC-2014J-502353,Amelia Moore,502353@education.demo,CCC · 2014J,204,0,0,2,1,yearly,CCC,South West Region
CCC-2014J-507671,Mia Lee,507671@education.demo,CCC · 2014J,0,0,0,0,1,yearly,CCC,North Western Region
CCC-2014J-510460,James Anderson,510460@education.demo,CCC · 2014J,242,0,0,0,1,yearly,CCC,North Region
CCC-2014J-526741,Liam Garcia,526741@education.demo,CCC · 2014J,25,4,47,2,0,yearly,CCC,East Midlands Region
CCC-2014J-530663,Amelia Smith,530663@education.demo,CCC · 2014J,25,16,63,0,0,yearly,CCC,South Region
CCC-2014J-545758,Benjamin Wilson,545758@education.demo,CCC · 2014J,240,0,0,0,0,yearly,CCC,West Midlands Region
CCC-2014J-557959,Sophia White,557959@education.demo,CCC · 2014J,2,9,111,0,0,yearly,CCC,Yorkshire Region
CCC-2014J-571950,Sophia Brown,571950@education.demo,CCC · 2014J,0,0,0,0,1,yearly,CCC,North Western Region
CCC-2014J-572754,Amelia Jackson,572754@education.demo,CCC · 2014J,0,0,0,0,1,yearly,CCC,Scotland
CCC-2014J-574056,Noah Moore,574056@education.demo,CCC · 2014J,260,0,0,0,1,yearly,CCC,West Midlands Region
CCC-2014J-577279,Charlotte Wilson,577279@education.demo,CCC · 2014J,0,78,183,0,0,yearly,CCC,East Anglian Region
CCC-2014J-579614,Ethan Moore,579614@education.demo,CCC · 2014J,4,2,1250,0,0,yearly,CCC,North Region
CCC-2014J-581914,Charlotte Taylor,581914@education.demo,CCC · 2014J,259,0,0,0,1,yearly,CCC,Scotland
CCC-2014J-591655,James Garcia,591655@education.demo,CCC · 2014J,237,0,0,0,0,yearly,CCC,North Region
CCC-2014J-592787,Liam Smith,592787@education.demo,CCC · 2014J,233,0,0,0,1,yearly,CCC,East Midlands Region
CCC-2014J-601082,Ethan Martin,601082@education.demo,CCC · 2014J,13,3,29,2,0,yearly,CCC,Wales
CCC-2014J-602973,Liam Garcia,602973@education.demo,CCC · 2014J,7,9,239,0,0,yearly,CCC,Scotland
CCC-2014J-606064,Ethan Johnson,606064@education.demo,CCC · 2014J,20,8,65,0,0,yearly,CCC,Scotland
CCC-2014J-610622,Charlotte Lee,610622@education.demo,CCC · 2014J,236,0,0,1,1,yearly,CCC,East Midlands Region
CCC-2014J-610650,Isabella Martin,610650@education.demo,CCC · 2014J,1,7,23,0,0,yearly,CCC,Yorkshire Region
CCC-2014J-611593,Harper Martin,611593@education.demo,CCC · 2014J,26,10,27,0,0,yearly,CCC,South Region
CCC-2014J-613644,Liam Martin,613644@education.demo,CCC · 2014J,208,0,0,0,1,yearly,CCC,South West Region
CCC-2014J-615225,Isabella Khan,615225@education.demo,CCC · 2014J,0,0,0,0,1,yearly,CCC,East Midlands Region
CCC-2014J-632756,Harper White,632756@education.demo,CCC · 2014J,8,34,536,0,0,yearly,CCC,North Region
CCC-2014J-633157,James White,633157@education.demo,CCC · 2014J,0,0,0,0,1,yearly,CCC,West Midlands Region
CCC-2014J-635410,Henry Khan,635410@education.demo,CCC · 2014J,168,0,0,2,1,yearly,CCC,South Region
CCC-2014J-636422,Charlotte Anderson,636422@education.demo,CCC · 2014J,2,34,515,0,0,yearly,CCC,London Region
CCC-2014J-641804,Noah White,641804@education.demo,CCC · 2014J,92,0,0,1,0,yearly,CCC,West Midlands Region
CCC-2014J-646351,Olivia Kim,646351@education.demo,CCC · 2014J,31,0,24,0,0,yearly,CCC,Wales
CCC-2014J-646413,Liam Martin,646413@education.demo,CCC · 2014J,28,0,124,2,0,yearly,CCC,East Midlands Region
CCC-2014J-647083,Isabella Lee,647083@education.demo,CCC · 2014J,49,0,3,1,0,yearly,CCC,Yorkshire Region
CCC-2014J-647406,Olivia Martin,647406@education.demo,CCC · 2014J,215,0,0,0,1,yearly,CCC,Yorkshire Region
CCC-2014J-648161,Isabella Jackson,648161@education.demo,CCC · 2014J,27,1,163,0,0,yearly,CCC,East Anglian Region
CCC-2014J-649394,Amelia Anderson,649394@education.demo,CCC · 2014J,278,0,0,0,1,yearly,CCC,West Midlands Region
CCC-2014J-652406,Benjamin Moore,652406@education.demo,CCC · 2014J,0,0,0,0,1,yearly,CCC,South East Region
CCC-2014J-652428,Isabella Martin,652428@education.demo,CCC · 2014J,160,0,0,0,0,yearly,CCC,Wales
CCC-2014J-652971,Benjamin Patel,652971@education.demo,CCC · 2014J,259,0,0,0,1,yearly,CCC,South East Region
CCC-2014J-657050,James Smith,657050@education.demo,CCC · 2014J,6,1,1796,0,0,yearly,CCC,North Region
CCC-2014J-678843,Ava Thomas,678843@education.demo,CCC · 2014J,240,0,0,0,1,yearly,CCC,Scotland
CCC-2014J-679468,Benjamin Thomas,679468@education.demo,CCC · 2014J,256,0,0,0,1,yearly,CCC,North Region
CCC-2014J-681235,Ethan Jackson,681235@education.demo,CCC · 2014J,12,4,159,3,0,yearly,CCC,West Midlands Region
CCC-2014J-682259,Sophia Anderson,682259@education.demo,CCC · 2014J,29,0,3,2,0,yearly,CCC,Wales
CCC-2014J-685206,James Patel,685206@education.demo,CCC · 2014J,2,11,976,0,0,yearly,CCC,London Region
CCC-2014J-685802,Henry Brown,685802@education.demo,CCC · 2014J,220,0,0,0,1,yearly,CCC,South West Region
CCC-2014J-688297,Charlotte Patel,688297@education.demo,CCC · 2014J,0,0,0,0,1,yearly,CCC,South West Region
CCC-2014J-692105,Mia Brown,692105@education.demo,CCC · 2014J,8,15,76,0,0,yearly,CCC,Scotland
CCC-2014J-694523,Harper Smith,694523@education.demo,CCC · 2014J,41,0,21,0,0,yearly,CCC,Scotland
CCC-2014J-695915,Henry White,695915@education.demo,CCC · 2014J,208,0,0,0,0,yearly,CCC,East Midlands Region
CCC-2014J-696515,Sophia Anderson,696515@education.demo,CCC · 2014J,30,0,62,1,0,yearly,CCC,London Region
DDD-2013B-117435,Amelia Johnson,117435@education.demo,DDD · 2013B,70,0,0,0,1,yearly,DDD,South West Region
DDD-2013B-165421,Ethan Smith,165421@education.demo,DDD · 2013B,13,60,137,3,0,yearly,DDD,Ireland
DDD-2013B-2227786,Olivia Anderson,2227786@education.demo,DDD · 2013B,25,3,3,5,0,yearly,DDD,London Region
DDD-2013B-2238679,Olivia Garcia,2238679@education.demo,DDD · 2013B,152,0,0,0,0,yearly,DDD,North Western Region
DDD-2013B-2298696,Amelia Johnson,2298696@education.demo,DDD · 2013B,0,0,0,0,1,yearly,DDD,North Western Region
DDD-2013B-283783,Lucas Patel,283783@education.demo,DDD · 2013B,193,0,0,0,1,yearly,DDD,East Midlands Region
DDD-2013B-383701,Leo Taylor,383701@education.demo,DDD · 2013B,32,0,39,3,0,yearly,DDD,London Region
DDD-2013B-410886,Liam Johnson,410886@education.demo,DDD · 2013B,0,514,390,0,0,yearly,DDD,Scotland
DDD-2013B-471781,Benjamin Thomas,471781@education.demo,DDD · 2013B,186,0,0,0,1,yearly,DDD,Scotland
DDD-2013B-475619,Amelia Moore,475619@education.demo,DDD · 2013B,103,0,0,0,1,yearly,DDD,Scotland
DDD-2013B-480225,Henry Taylor,480225@education.demo,DDD · 2013B,14,33,36,6,0,yearly,DDD,East Anglian Region
DDD-2013B-485943,Sophia Kim,485943@education.demo,DDD · 2013B,0,0,0,0,1,yearly,DDD,East Anglian Region
DDD-2013B-487711,Ava Wilson,487711@education.demo,DDD · 2013B,13,242,110,0,0,yearly,DDD,London Region
DDD-2013B-493365,Sophia Martin,493365@education.demo,DDD · 2013B,0,0,0,0,1,yearly,DDD,North Western Region
DDD-2013B-511271,Ethan Moore,511271@education.demo,DDD · 2013B,235,0,0,0,0,yearly,DDD,West Midlands Region
DDD-2013B-515046,Benjamin Martin,515046@education.demo,DDD · 2013B,10,86,167,0,0,yearly,DDD,South West Region
DDD-2013B-516281,Isabella Lee,516281@education.demo,DDD · 2013B,19,1,0,0,0,yearly,DDD,Scotland
DDD-2013B-52014,Charlotte Martin,52014@education.demo,DDD · 2013B,14,4,24,7,0,yearly,DDD,Wales
DDD-2013B-523392,Ethan Lee,523392@education.demo,DDD · 2013B,22,4,4,0,0,yearly,DDD,Wales
DDD-2013B-535215,Olivia Jackson,535215@education.demo,DDD · 2013B,0,98,151,0,0,yearly,DDD,North Region
DDD-2013B-539142,Noah Brown,539142@education.demo,DDD · 2013B,91,0,0,5,0,yearly,DDD,Scotland
DDD-2013B-539186,Mia Patel,539186@education.demo,DDD · 2013B,160,0,0,2,1,yearly,DDD,East Midlands Region
DDD-2013B-543060,Leo Kim,543060@education.demo,DDD · 2013B,0,140,309,3,0,yearly,DDD,West Midlands Region
DDD-2013B-544367,Lucas Brown,544367@education.demo,DDD · 2013B,217,0,0,0,0,yearly,DDD,London Region
DDD-2013B-546339,Amelia Lee,546339@education.demo,DDD · 2013B,203,0,0,0,1,yearly,DDD,Scotland
DDD-2013B-549334,Harper Brown,549334@education.demo,DDD · 2013B,108,0,0,0,1,yearly,DDD,North Region
DDD-2013B-551334,Liam Brown,551334@education.demo,DDD · 2013B,2,104,66,2,0,yearly,DDD,South East Region
DDD-2013B-553275,Ethan Martin,553275@education.demo,DDD · 2013B,5,27,47,0,0,yearly,DDD,East Midlands Region
DDD-2013B-554446,Lucas Wilson,554446@education.demo,DDD · 2013B,11,88,76,0,0,yearly,DDD,North Western Region
DDD-2013B-556308,Lucas Taylor,556308@education.demo,DDD · 2013B,34,0,102,2,1,yearly,DDD,West Midlands Region
DDD-2013B-556389,Olivia Martin,556389@education.demo,DDD · 2013B,13,33,40,0,0,yearly,DDD,London Region
DDD-2013B-557467,James Moore,557467@education.demo,DDD · 2013B,173,0,0,1,1,yearly,DDD,London Region
DDD-2013B-558817,James Taylor,558817@education.demo,DDD · 2013B,255,0,0,0,1,yearly,DDD,South Region
DDD-2013B-559282,Ethan Brown,559282@education.demo,DDD · 2013B,8,57,99,0,0,yearly,DDD,South Region
DDD-2013B-559459,Charlotte Johnson,559459@education.demo,DDD · 2013B,91,0,0,4,0,yearly,DDD,Scotland
DDD-2013B-559612,Olivia Jackson,559612@education.demo,DDD · 2013B,2,35,45,2,0,yearly,DDD,North Region
DDD-2013B-559823,Liam Moore,559823@education.demo,DDD · 2013B,124,0,0,1,0,yearly,DDD,North Western Region
DDD-2013B-560024,Isabella Taylor,560024@education.demo,DDD · 2013B,14,25,29,0,0,yearly,DDD,East Anglian Region
DDD-2013B-60135,Mia Kim,60135@education.demo,DDD · 2013B,0,91,12,2,0,yearly,DDD,West Midlands Region
DDD-2013J-102850,Olivia Kim,102850@education.demo,DDD · 2013J,11,29,497,1,0,yearly,DDD,South West Region
DDD-2013J-123957,Noah Anderson,123957@education.demo,DDD · 2013J,152,0,0,0,1,yearly,DDD,North Western Region
DDD-2013J-1819994,Lucas Kim,1819994@education.demo,DDD · 2013J,5,25,757,0,0,yearly,DDD,South Region
DDD-2013J-2046628,Benjamin Patel,2046628@education.demo,DDD · 2013J,220,0,0,1,1,yearly,DDD,Ireland
DDD-2013J-2198952,James Brown,2198952@education.demo,DDD · 2013J,19,16,211,0,0,yearly,DDD,Ireland
DDD-2013J-2239650,Amelia Wilson,2239650@education.demo,DDD · 2013J,0,123,2632,0,0,yearly,DDD,East Anglian Region
DDD-2013J-228888,Sophia Jackson,228888@education.demo,DDD · 2013J,27,6,63,1,0,yearly,DDD,South Region
DDD-2013J-236953,Ava Jackson,236953@education.demo,DDD · 2013J,3,32,237,0,0,yearly,DDD,South East Region
DDD-2013J-2547032,Liam Brown,2547032@education.demo,DDD · 2013J,156,0,0,2,1,yearly,DDD,North Western Region
DDD-2013J-2643555,Noah White,2643555@education.demo,DDD · 2013J,2,18,80,0,0,yearly,DDD,Scotland
DDD-2013J-266558,Ava Khan,266558@education.demo,DDD · 2013J,28,0,5,5,0,yearly,DDD,Yorkshire Region
DDD-2013J-276857,Leo Brown,276857@education.demo,DDD · 2013J,15,14,170,1,0,yearly,DDD,Wales
DDD-2013J-28046,Sophia Garcia,28046@education.demo,DDD · 2013J,28,0,92,1,0,yearly,DDD,Yorkshire Region
DDD-2013J-305702,Liam Khan,305702@education.demo,DDD · 2013J,173,0,0,1,1,yearly,DDD,London Region
DDD-2013J-308982,Henry Johnson,308982@education.demo,DDD · 2013J,0,0,0,0,1,yearly,DDD,North Western Region
DDD-2013J-311474,Ava Johnson,311474@education.demo,DDD · 2013J,195,0,0,2,1,yearly,DDD,South West Region
DDD-2013J-315517,Sophia Lee,315517@education.demo,DDD · 2013J,257,0,0,0,1,yearly,DDD,Yorkshire Region
DDD-2013J-331404,Henry Smith,331404@education.demo,DDD · 2013J,1,51,444,0,0,yearly,DDD,North Region
DDD-2013J-333155,Benjamin Anderson,333155@education.demo,DDD · 2013J,266,0,0,0,0,yearly,DDD,North Western Region
DDD-2013J-335018,Amelia Wilson,335018@education.demo,DDD · 2013J,27,1,42,3,1,yearly,DDD,London Region
DDD-2013J-383694,Charlotte Jackson,383694@education.demo,DDD · 2013J,2,10,433,0,0,yearly,DDD,South West Region
DDD-2013J-396210,Benjamin Jackson,396210@education.demo,DDD · 2013J,6,8,78,0,0,yearly,DDD,South East Region
DDD-2013J-412618,Noah Garcia,412618@education.demo,DDD · 2013J,28,0,285,0,0,yearly,DDD,North Western Region
DDD-2013J-419517,Ava Moore,419517@education.demo,DDD · 2013J,4,49,150,0,0,yearly,DDD,East Anglian Region
DDD-2013J-47063,Harper Kim,47063@education.demo,DDD · 2013J,112,0,0,2,1,yearly,DDD,London Region
DDD-2013J-480716,Ethan Wilson,480716@education.demo,DDD · 2013J,10,24,68,1,0,yearly,DDD,South Region
DDD-2013J-482868,Isabella Moore,482868@education.demo,DDD · 2013J,25,42,249,0,0,yearly,DDD,South East Region
DDD-2013J-487293,Benjamin Taylor,487293@education.demo,DDD · 2013J,6,4,107,3,0,yearly,DDD,North Western Region
DDD-2013J-488680,Noah Garcia,488680@education.demo,DDD · 2013J,6,40,851,0,0,yearly,DDD,South West Region
DDD-2013J-491912,Isabella Brown,491912@education.demo,DDD · 2013J,0,0,0,0,1,yearly,DDD,East Anglian Region
DDD-2013J-496154,Sophia Brown,496154@education.demo,DDD · 2013J,205,0,0,1,1,yearly,DDD,South Region
DDD-2013J-496185,Noah Lee,496185@education.demo,DDD · 2013J,215,0,0,0,0,yearly,DDD,South West Region
DDD-2013J-498877,James Smith,498877@education.demo,DDD · 2013J,266,0,0,0,1,yearly,DDD,South Region
DDD-2013J-507257,Amelia Wilson,507257@education.demo,DDD · 2013J,60,0,0,0,0,yearly,DDD,South Region
DDD-2013J-507285,Mia Johnson,507285@education.demo,DDD · 2013J,3,105,787,1,0,yearly,DDD,West Midlands Region
DDD-2013J-510873,Amelia Garcia,510873@education.demo,DDD · 2013J,1,17,128,0,0,yearly,DDD,Scotland
DDD-2013J-518709,Olivia Thomas,518709@education.demo,DDD · 2013J,141,0,0,0,1,yearly,DDD,East Midlands Region
DDD-2013J-524730,Liam Martin,524730@education.demo,DDD · 2013J,0,0,0,0,1,yearly,DDD,West Midlands Region
DDD-2013J-527427,Isabella Brown,527427@education.demo,DDD · 2013J,1,11,32,2,0,yearly,DDD,Yorkshire Region
DDD-2013J-543723,Henry Thomas,543723@education.demo,DDD · 2013J,28,0,33,0,0,yearly,DDD,South Region
DDD-2013J-551214,Noah Jackson,551214@education.demo,DDD · 2013J,9,5,98,0,0,yearly,DDD,South East Region
DDD-2013J-552313,Ethan Wilson,552313@education.demo,DDD · 2013J,7,26,403,0,0,yearly,DDD,Scotland
DDD-2013J-555316,Isabella Lee,555316@education.demo,DDD · 2013J,96,0,0,2,0,yearly,DDD,South West Region
DDD-2013J-562100,Sophia Lee,562100@education.demo,DDD · 2013J,146,0,0,3,1,yearly,DDD,North Western Region
DDD-2013J-565175,Leo Lee,565175@education.demo,DDD · 2013J,25,2,29,0,0,yearly,DDD,North Western Region
DDD-2013J-567292,Harper Lee,567292@education.demo,DDD · 2013J,22,19,76,1,0,yearly,DDD,Ireland
DDD-2013J-571000,Isabella Johnson,571000@education.demo,DDD · 2013J,0,0,0,0,1,yearly,DDD,East Anglian Region
DDD-2013J-573712,Olivia Thomas,573712@education.demo,DDD · 2013J,165,0,0,0,1,yearly,DDD,North Region
DDD-2013J-574730,Charlotte White,574730@education.demo,DDD · 2013J,253,0,0,0,0,yearly,DDD,Wales
DDD-2013J-576368,Olivia White,576368@education.demo,DDD · 2013J,10,5,61,2,0,yearly,DDD,South Region
DDD-2013J-577212,Benjamin Lee,577212@education.demo,DDD · 2013J,212,0,0,0,0,yearly,DDD,Yorkshire Region
DDD-2013J-580415,Isabella Jackson,580415@education.demo,DDD · 2013J,0,79,759,0,0,yearly,DDD,North Western Region
DDD-2013J-581648,James Lee,581648@education.demo,DDD · 2013J,0,0,0,0,1,yearly,DDD,Ireland
DDD-2013J-590482,Henry Johnson,590482@education.demo,DDD · 2013J,3,24,73,3,0,yearly,DDD,North Region
DDD-2013J-592658,Sophia Kim,592658@education.demo,DDD · 2013J,0,0,0,0,1,yearly,DDD,West Midlands Region
DDD-2013J-593594,Liam Anderson,593594@education.demo,DDD · 2013J,118,0,0,1,1,yearly,DDD,South West Region
DDD-2013J-593654,Leo Wilson,593654@education.demo,DDD · 2013J,15,7,232,0,0,yearly,DDD,East Anglian Region
DDD-2013J-594079,Harper Brown,594079@education.demo,DDD · 2013J,0,0,0,0,1,yearly,DDD,Yorkshire Region
DDD-2013J-594507,Lucas Thomas,594507@education.demo,DDD · 2013J,0,67,456,0,0,yearly,DDD,South Region
DDD-2013J-597560,Mia Garcia,597560@education.demo,DDD · 2013J,29,0,88,0,0,yearly,DDD,East Midlands Region
DDD-2013J-597968,Ava Kim,597968@education.demo,DDD · 2013J,4,12,1,0,0,yearly,DDD,South East Region
DDD-2013J-598989,Ethan Brown,598989@education.demo,DDD · 2013J,20,10,217,0,0,yearly,DDD,North Western Region
DDD-2013J-600365,James Kim,600365@education.demo,DDD · 2013J,25,8,42,3,0,yearly,DDD,West Midlands Region
DDD-2013J-600686,Liam Smith,600686@education.demo,DDD · 2013J,4,56,189,0,0,yearly,DDD,South Region
DDD-2013J-602706,Sophia Moore,602706@education.demo,DDD · 2013J,0,0,0,0,1,yearly,DDD,South East Region
DDD-2013J-603410,Charlotte Kim,603410@education.demo,DDD · 2013J,111,0,0,0,0,yearly,DDD,London Region
DDD-2013J-603730,James Martin,603730@education.demo,DDD · 2013J,170,0,0,1,0,yearly,DDD,East Anglian Region
DDD-2013J-605118,Benjamin Thomas,605118@education.demo,DDD · 2013J,14,2,106,0,0,yearly,DDD,North Western Region
DDD-2013J-607670,Ava Johnson,607670@education.demo,DDD · 2013J,67,0,0,1,0,yearly,DDD,Scotland
DDD-2014B-1612600,Mia White,1612600@education.demo,DDD · 2014B,0,225,462,0,0,yearly,DDD,South East Region
DDD-2014B-1951727,Leo Jackson,1951727@education.demo,DDD · 2014B,1,11,89,0,0,yearly,DDD,East Anglian Region
DDD-2014B-236015,Amelia Khan,236015@education.demo,DDD · 2014B,188,0,0,0,1,yearly,DDD,West Midlands Region
DDD-2014B-2621984,Ethan Jackson,2621984@education.demo,DDD · 2014B,0,0,0,0,1,yearly,DDD,Yorkshire Region
DDD-2014B-46753,Liam Smith,46753@education.demo,DDD · 2014B,12,6,267,4,0,yearly,DDD,East Anglian Region
DDD-2014B-469614,Harper Wilson,469614@education.demo,DDD · 2014B,8,23,22,0,0,yearly,DDD,Wales
DDD-2014B-513687,Leo Smith,513687@education.demo,DDD · 2014B,0,458,9,1,0,yearly,DDD,North Western Region
DDD-2014B-531069,Charlotte Taylor,531069@education.demo,DDD · 2014B,13,1,1,2,1,yearly,DDD,East Anglian Region
DDD-2014B-539186,Mia Patel,539186@education.demo,DDD · 2014B,83,0,0,3,0,yearly,DDD,East Midlands Region
DDD-2014B-544499,Isabella Kim,544499@education.demo,DDD · 2014B,203,0,0,0,1,yearly,DDD,Wales
DDD-2014B-558629,Harper White,558629@education.demo,DDD · 2014B,1,62,73,3,0,yearly,DDD,South West Region
DDD-2014B-559328,Sophia Patel,559328@education.demo,DDD · 2014B,12,26,37,1,0,yearly,DDD,West Midlands Region
DDD-2014B-561913,Mia Moore,561913@education.demo,DDD · 2014B,9,6,33,1,0,yearly,DDD,Scotland
DDD-2014B-577954,Olivia Martin,577954@education.demo,DDD · 2014B,29,0,37,2,1,yearly,DDD,South Region
DDD-2014B-591100,Henry Patel,591100@education.demo,DDD · 2014B,0,0,0,0,1,yearly,DDD,South West Region
DDD-2014B-593657,Lucas Taylor,593657@education.demo,DDD · 2014B,8,133,186,0,0,yearly,DDD,East Anglian Region
DDD-2014B-604027,Harper Martin,604027@education.demo,DDD · 2014B,223,0,0,0,1,yearly,DDD,Wales
DDD-2014B-612111,Lucas Lee,612111@education.demo,DDD · 2014B,0,0,0,0,1,yearly,DDD,East Anglian Region
DDD-2014B-614025,Harper Taylor,614025@education.demo,DDD · 2014B,191,0,0,1,1,yearly,DDD,Wales
DDD-2014B-614649,Ethan Taylor,614649@education.demo,DDD · 2014B,185,0,0,1,0,yearly,DDD,Wales
DDD-2014B-614879,Amelia Kim,614879@education.demo,DDD · 2014B,0,0,0,0,1,yearly,DDD,North Western Region
DDD-2014B-622413,Harper Khan,622413@education.demo,DDD · 2014B,8,77,74,0,0,yearly,DDD,South Region
DDD-2014B-622724,Isabella Wilson,622724@education.demo,DDD · 2014B,12,94,78,0,0,yearly,DDD,South East Region
DDD-2014B-628150,Amelia White,628150@education.demo,DDD · 2014B,0,0,0,0,1,yearly,DDD,North Western Region
DDD-2014B-628347,Mia Wilson,628347@education.demo,DDD · 2014B,12,61,62,0,0,yearly,DDD,South Region
DDD-2014B-628386,Olivia Wilson,628386@education.demo,DDD · 2014B,1,145,53,0,0,yearly,DDD,South West Region
DDD-2014B-630009,Noah Brown,630009@education.demo,DDD · 2014B,231,0,0,0,1,yearly,DDD,North Western Region
DDD-2014B-631355,Leo Taylor,631355@education.demo,DDD · 2014B,158,0,0,0,0,yearly,DDD,South East Region
DDD-2014B-631851,Charlotte Jackson,631851@education.demo,DDD · 2014B,0,233,366,1,0,yearly,DDD,North Region
DDD-2014B-632898,Benjamin Lee,632898@education.demo,DDD · 2014B,134,0,0,0,0,yearly,DDD,East Anglian Region
DDD-2014B-634106,Ethan Lee,634106@education.demo,DDD · 2014B,4,26,74,0,0,yearly,DDD,South West Region
DDD-2014B-634246,Sophia Jackson,634246@education.demo,DDD · 2014B,12,76,97,1,0,yearly,DDD,Wales
DDD-2014B-635100,Mia Martin,635100@education.demo,DDD · 2014B,17,2,5,0,0,yearly,DDD,East Anglian Region
DDD-2014B-76081,James Smith,76081@education.demo,DDD · 2014B,147,0,0,0,1,yearly,DDD,East Midlands Region
DDD-2014J-100561,Noah Taylor,100561@education.demo,DDD · 2014J,20,82,73,1,0,yearly,DDD,East Anglian Region
DDD-2014J-132511,Leo Garcia,132511@education.demo,DDD · 2014J,106,0,0,0,0,yearly,DDD,East Anglian Region
DDD-2014J-133365,Isabella Smith,133365@education.demo,DDD · 2014J,4,38,95,0,0,yearly,DDD,East Midlands Region
DDD-2014J-152320,Liam Kim,152320@education.demo,DDD · 2014J,20,77,68,1,0,yearly,DDD,South Region
DDD-2014J-154073,Lucas Wilson,154073@education.demo,DDD · 2014J,18,29,1,2,0,yearly,DDD,South East Region
DDD-2014J-1624025,Ava Brown,1624025@education.demo,DDD · 2014J,22,183,270,0,0,yearly,DDD,East Anglian Region
DDD-2014J-1782581,Olivia Johnson,1782581@education.demo,DDD · 2014J,204,0,0,0,0,yearly,DDD,East Anglian Region
DDD-2014J-2055671,Lucas Moore,2055671@education.demo,DDD · 2014J,170,0,0,0,1,yearly,DDD,East Midlands Region
DDD-2014J-2257853,Isabella Garcia,2257853@education.demo,DDD · 2014J,7,357,322,0,0,yearly,DDD,North Western Region
DDD-2014J-25572,Harper Smith,25572@education.demo,DDD · 2014J,169,0,0,1,1,yearly,DDD,London Region
DDD-2014J-2588215,Isabella Thomas,2588215@education.demo,DDD · 2014J,152,0,0,0,0,yearly,DDD,North Western Region
DDD-2014J-2588655,Leo Jackson,2588655@education.demo,DDD · 2014J,66,0,0,1,0,yearly,DDD,Scotland
DDD-2014J-2635658,Lucas Kim,2635658@education.demo,DDD · 2014J,253,0,0,0,1,yearly,DDD,London Region
DDD-2014J-2672908,Henry Anderson,2672908@education.demo,DDD · 2014J,0,0,0,0,1,yearly,DDD,East Midlands Region
DDD-2014J-296138,Benjamin Anderson,296138@education.demo,DDD · 2014J,20,3,36,0,0,yearly,DDD,East Anglian Region
DDD-2014J-370274,Olivia Brown,370274@education.demo,DDD · 2014J,8,29,100,0,0,yearly,DDD,West Midlands Region
DDD-2014J-373795,Liam Garcia,373795@education.demo,DDD · 2014J,0,0,0,0,1,yearly,DDD,London Region
DDD-2014J-531646,James Kim,531646@education.demo,DDD · 2014J,17,30,45,2,0,yearly,DDD,South Region
DDD-2014J-556514,Harper Wilson,556514@education.demo,DDD · 2014J,6,124,177,0,0,yearly,DDD,London Region
DDD-2014J-563453,Ethan Wilson,563453@education.demo,DDD · 2014J,22,51,99,0,0,yearly,DDD,East Midlands Region
DDD-2014J-566300,Sophia White,566300@education.demo,DDD · 2014J,0,189,274,0,0,yearly,DDD,Wales
DDD-2014J-570411,Ava Moore,570411@education.demo,DDD · 2014J,20,73,186,1,0,yearly,DDD,Ireland
DDD-2014J-571382,Isabella Kim,571382@education.demo,DDD · 2014J,210,0,0,0,1,yearly,DDD,North Western Region
DDD-2014J-572434,Olivia Garcia,572434@education.demo,DDD · 2014J,21,3,74,3,0,yearly,DDD,North Region
DDD-2014J-573646,Liam Smith,573646@education.demo,DDD · 2014J,135,0,0,0,0,yearly,DDD,North Western Region
DDD-2014J-573969,Benjamin Moore,573969@education.demo,DDD · 2014J,23,29,4,0,0,yearly,DDD,North Western Region
DDD-2014J-576515,Leo White,576515@education.demo,DDD · 2014J,5,435,354,0,0,yearly,DDD,East Anglian Region
DDD-2014J-58731,Amelia Johnson,58731@education.demo,DDD · 2014J,23,19,0,1,0,yearly,DDD,South West Region
DDD-2014J-593976,Lucas Kim,593976@education.demo,DDD · 2014J,19,12,33,0,0,yearly,DDD,Yorkshire Region
DDD-2014J-598141,Harper Jackson,598141@education.demo,DDD · 2014J,1,57,145,0,0,yearly,DDD,Scotland
DDD-2014J-605859,Olivia Martin,605859@education.demo,DDD · 2014J,226,0,0,0,0,yearly,DDD,East Anglian Region
DDD-2014J-611588,Henry Khan,611588@education.demo,DDD · 2014J,89,0,0,2,1,yearly,DDD,East Anglian Region
DDD-2014J-616862,Charlotte Taylor,616862@education.demo,DDD · 2014J,229,0,0,1,1,yearly,DDD,North Western Region
DDD-2014J-627097,Benjamin Taylor,627097@education.demo,DDD · 2014J,21,30,16,1,0,yearly,DDD,North Western Region
DDD-2014J-631960,Leo Anderson,631960@education.demo,DDD · 2014J,264,0,0,0,1,yearly,DDD,Yorkshire Region
DDD-2014J-637064,Benjamin Wilson,637064@education.demo,DDD · 2014J,92,0,0,0,0,yearly,DDD,London Region
DDD-2014J-642474,Lucas Martin,642474@education.demo,DDD · 2014J,8,651,1672,0,0,yearly,DDD,South Region
DDD-2014J-643758,Olivia Thomas,643758@education.demo,DDD · 2014J,10,10,29,0,0,yearly,DDD,South West Region
DDD-2014J-645322,Isabella Smith,645322@education.demo,DDD · 2014J,156,0,0,0,1,yearly,DDD,East Anglian Region
DDD-2014J-646359,Leo Lee,646359@education.demo,DDD · 2014J,21,57,84,3,0,yearly,DDD,South East Region
DDD-2014J-650010,Liam Taylor,650010@education.demo,DDD · 2014J,23,27,30,0,0,yearly,DDD,Yorkshire Region
DDD-2014J-650850,Liam Johnson,650850@education.demo,DDD · 2014J,62,0,0,1,0,yearly,DDD,South West Region
DDD-2014J-651176,Henry Taylor,651176@education.demo,DDD · 2014J,181,0,0,1,0,yearly,DDD,North Western Region
DDD-2014J-651728,Charlotte Moore,651728@education.demo,DDD · 2014J,89,0,0,3,1,yearly,DDD,Scotland
DDD-2014J-675052,Harper Anderson,675052@education.demo,DDD · 2014J,287,0,0,0,1,yearly,DDD,North Western Region
DDD-2014J-676538,Mia Wilson,676538@education.demo,DDD · 2014J,11,67,67,1,0,yearly,DDD,London Region
DDD-2014J-678262,Olivia Johnson,678262@education.demo,DDD · 2014J,253,0,0,0,1,yearly,DDD,South West Region
DDD-2014J-678382,Leo Jackson,678382@education.demo,DDD · 2014J,0,0,0,0,1,yearly,DDD,South West Region
DDD-2014J-678941,Charlotte Kim,678941@education.demo,DDD · 2014J,22,21,58,2,0,yearly,DDD,South West Region
DDD-2014J-679388,Henry Johnson,679388@education.demo,DDD · 2014J,266,0,0,0,1,yearly,DDD,South West Region
DDD-2014J-680017,Leo Thomas,680017@education.demo,DDD · 2014J,9,26,103,0,0,yearly,DDD,South Region
DDD-2014J-680414,Noah Johnson,680414@education.demo,DDD · 2014J,229,0,0,0,0,yearly,DDD,East Midlands Region
DDD-2014J-680981,Charlotte Taylor,680981@education.demo,DDD · 2014J,174,0,0,0,1,yearly,DDD,Yorkshire Region
DDD-2014J-681211,Ethan Garcia,681211@education.demo,DDD · 2014J,22,19,3,1,0,yearly,DDD,South West Region
DDD-2014J-683091,Charlotte Moore,683091@education.demo,DDD · 2014J,12,235,402,0,0,yearly,DDD,North Region
DDD-2014J-688284,Liam Kim,688284@education.demo,DDD · 2014J,47,0,2,2,1,yearly,DDD,West Midlands Region
DDD-2014J-690298,James Jackson,690298@education.demo,DDD · 2014J,199,0,0,0,0,yearly,DDD,North Western Region
DDD-2014J-690783,Isabella Taylor,690783@education.demo,DDD · 2014J,235,0,0,0,0,yearly,DDD,Scotland
DDD-2014J-690867,Henry Wilson,690867@education.demo,DDD · 2014J,143,0,0,1,1,yearly,DDD,North Region
DDD-2014J-690932,Olivia Patel,690932@education.demo,DDD · 2014J,195,0,0,1,0,yearly,DDD,Scotland
EEE-2013J-2252437,Amelia Martin,2252437@education.demo,EEE · 2013J,26,1,286,0,0,yearly,EEE,North Western Region
EEE-2013J-2615849,Ethan Kim,2615849@education.demo,EEE · 2013J,9,2,119,0,0,yearly,EEE,South Region
EEE-2013J-269764,Amelia Jackson,269764@education.demo,EEE · 2013J,2,4,66,1,0,yearly,EEE,Scotland
EEE-2013J-339353,Mia Garcia,339353@education.demo,EEE · 2013J,0,0,0,0,1,yearly,EEE,East Midlands Region
EEE-2013J-425274,Sophia Johnson,425274@education.demo,EEE · 2013J,8,12,85,0,0,yearly,EEE,North Region
EEE-2013J-512693,Charlotte Anderson,512693@education.demo,EEE · 2013J,266,0,0,0,1,yearly,EEE,East Anglian Region
EEE-2013J-522484,Harper Martin,522484@education.demo,EEE · 2013J,28,0,83,0,0,yearly,EEE,West Midlands Region
EEE-2013J-530360,James Anderson,530360@education.demo,EEE · 2013J,102,0,0,0,0,yearly,EEE,South Region
EEE-2013J-554052,Olivia Lee,554052@education.demo,EEE · 2013J,0,19,117,0,0,yearly,EEE,North Region
EEE-2013J-556177,Liam Jackson,556177@education.demo,EEE · 2013J,6,6,66,0,0,yearly,EEE,East Anglian Region
EEE-2013J-572396,Ava Khan,572396@education.demo,EEE · 2013J,2,10,66,0,0,yearly,EEE,South West Region
EEE-2013J-573244,Noah Brown,573244@education.demo,EEE · 2013J,0,0,0,0,1,yearly,EEE,South East Region
EEE-2013J-586060,James Taylor,586060@education.demo,EEE · 2013J,253,0,0,0,0,yearly,EEE,South Region
EEE-2013J-586137,Benjamin Wilson,586137@education.demo,EEE · 2013J,34,0,80,0,0,yearly,EEE,North Region
EEE-2013J-586921,Henry Wilson,586921@education.demo,EEE · 2013J,25,5,52,0,0,yearly,EEE,East Anglian Region
EEE-2013J-588583,Henry Wilson,588583@education.demo,EEE · 2013J,249,0,0,0,0,yearly,EEE,London Region
EEE-2013J-588942,Ava Wilson,588942@education.demo,EEE · 2013J,34,0,20,1,0,yearly,EEE,West Midlands Region
EEE-2013J-593845,Harper Anderson,593845@education.demo,EEE · 2013J,231,0,0,0,0,yearly,EEE,North Western Region
EEE-2013J-601182,Benjamin Jackson,601182@education.demo,EEE · 2013J,10,7,113,0,0,yearly,EEE,Scotland
EEE-2013J-602398,Liam Taylor,602398@education.demo,EEE · 2013J,39,0,9,0,0,yearly,EEE,West Midlands Region
EEE-2013J-608884,Noah Kim,608884@education.demo,EEE · 2013J,33,0,31,1,0,yearly,EEE,East Anglian Region
EEE-2013J-610503,Benjamin Thomas,610503@education.demo,EEE · 2013J,29,0,77,0,0,yearly,EEE,West Midlands Region
EEE-2014B-185057,Ava Wilson,185057@education.demo,EEE · 2014B,5,102,88,0,0,yearly,EEE,Ireland
EEE-2014B-2632165,Isabella Jackson,2632165@education.demo,EEE · 2014B,5,112,661,0,0,yearly,EEE,Wales
EEE-2014B-407428,Leo Garcia,407428@education.demo,EEE · 2014B,214,0,0,0,0,yearly,EEE,West Midlands Region
EEE-2014B-413891,Mia Johnson,413891@education.demo,EEE · 2014B,80,0,0,1,0,yearly,EEE,Wales
EEE-2014B-417547,Lucas White,417547@education.demo,EEE · 2014B,15,15,172,0,0,yearly,EEE,South Region
EEE-2014B-446077,Benjamin Smith,446077@education.demo,EEE · 2014B,14,42,2,0,0,yearly,EEE,East Midlands Region
EEE-2014B-480928,Benjamin Jackson,480928@education.demo,EEE · 2014B,204,0,0,0,1,yearly,EEE,Yorkshire Region
EEE-2014B-503872,Olivia Taylor,503872@education.demo,EEE · 2014B,16,37,7,4,0,yearly,EEE,North Western Region
EEE-2014B-519589,Harper Khan,519589@education.demo,EEE · 2014B,210,0,0,0,0,yearly,EEE,Wales
EEE-2014B-543924,Harper Khan,543924@education.demo,EEE · 2014B,203,0,0,0,0,yearly,EEE,South Region
EEE-2014B-577352,Benjamin Lee,577352@education.demo,EEE · 2014B,0,0,0,0,0,yearly,EEE,East Anglian Region
EEE-2014B-606350,Amelia Patel,606350@education.demo,EEE · 2014B,84,0,0,0,0,yearly,EEE,East Anglian Region
EEE-2014B-613790,Liam Wilson,613790@education.demo,EEE · 2014B,160,0,0,0,1,yearly,EEE,Scotland
EEE-2014B-616407,Isabella Jackson,616407@education.demo,EEE · 2014B,43,0,12,0,1,yearly,EEE,Wales
EEE-2014B-619927,Mia Lee,619927@education.demo,EEE · 2014B,0,172,315,0,0,yearly,EEE,South West Region
EEE-2014B-620977,Benjamin White,620977@education.demo,EEE · 2014B,141,0,0,0,1,yearly,EEE,South West Region
EEE-2014B-625841,Charlotte Taylor,625841@education.demo,EEE · 2014B,194,0,0,0,0,yearly,EEE,North Western Region
EEE-2014B-626444,Noah Jackson,626444@education.demo,EEE · 2014B,188,0,0,0,1,yearly,EEE,Yorkshire Region
EEE-2014B-627961,Ethan Moore,627961@education.demo,EEE · 2014B,165,0,0,0,0,yearly,EEE,Wales
EEE-2014B-628366,Lucas Martin,628366@education.demo,EEE · 2014B,173,0,0,1,1,yearly,EEE,Scotland
EEE-2014B-631453,Noah Thomas,631453@education.demo,EEE · 2014B,16,58,218,0,0,yearly,EEE,South Region
EEE-2014B-631509,Ethan Moore,631509@education.demo,EEE · 2014B,4,80,140,0,0,yearly,EEE,Scotland
EEE-2014B-632641,Harper Moore,632641@education.demo,EEE · 2014B,1,82,112,0,0,yearly,EEE,West Midlands Region
EEE-2014B-633310,Leo Anderson,633310@education.demo,EEE · 2014B,13,30,1,1,0,yearly,EEE,East Midlands Region
EEE-2014B-635041,James Taylor,635041@education.demo,EEE · 2014B,0,145,221,1,0,yearly,EEE,East Midlands Region
EEE-2014B-83219,Isabella Thomas,83219@education.demo,EEE · 2014B,8,79,354,0,0,yearly,EEE,West Midlands Region
EEE-2014J-126450,Mia Wilson,126450@education.demo,EEE · 2014J,12,4,97,0,0,yearly,EEE,North Western Region
EEE-2014J-1674799,Liam Martin,1674799@education.demo,EEE · 2014J,2,25,285,1,0,yearly,EEE,South Region
EEE-2014J-243926,Benjamin Johnson,243926@education.demo,EEE · 2014J,61,0,0,0,0,yearly,EEE,East Midlands Region
EEE-2014J-2442423,Charlotte Kim,2442423@education.demo,EEE · 2014J,24,1,10,1,0,yearly,EEE,East Midlands Region
EEE-2014J-2443165,Noah Brown,2443165@education.demo,EEE · 2014J,243,0,0,0,1,yearly,EEE,East Anglian Region
EEE-2014J-2533383,Henry Smith,2533383@education.demo,EEE · 2014J,19,1,79,0,0,yearly,EEE,South Region
EEE-2014J-2550960,Leo Anderson,2550960@education.demo,EEE · 2014J,14,21,64,0,0,yearly,EEE,Wales
EEE-2014J-316454,Mia Garcia,316454@education.demo,EEE · 2014J,0,0,0,0,1,yearly,EEE,North Western Region
EEE-2014J-425858,Amelia Lee,425858@education.demo,EEE · 2014J,217,0,0,1,0,yearly,EEE,London Region
EEE-2014J-491170,Harper Smith,491170@education.demo,EEE · 2014J,0,54,90,2,0,yearly,EEE,London Region
EEE-2014J-573600,Charlotte Anderson,573600@education.demo,EEE · 2014J,250,0,0,0,1,yearly,EEE,Scotland
EEE-2014J-579283,Benjamin White,579283@education.demo,EEE · 2014J,12,39,253,0,0,yearly,EEE,South Region
EEE-2014J-592338,Isabella Jackson,592338@education.demo,EEE · 2014J,20,1,122,0,0,yearly,EEE,South Region
EEE-2014J-596855,Mia Lee,596855@education.demo,EEE · 2014J,237,0,0,0,1,yearly,EEE,South West Region
EEE-2014J-599429,Henry Brown,599429@education.demo,EEE · 2014J,120,0,0,2,0,yearly,EEE,Yorkshire Region
EEE-2014J-600898,Sophia Lee,600898@education.demo,EEE · 2014J,203,0,0,0,1,yearly,EEE,West Midlands Region
EEE-2014J-605129,Ava Anderson,605129@education.demo,EEE · 2014J,38,0,31,0,0,yearly,EEE,West Midlands Region
EEE-2014J-634879,Mia Patel,634879@education.demo,EEE · 2014J,5,5,135,0,0,yearly,EEE,London Region
EEE-2014J-634957,Lucas Johnson,634957@education.demo,EEE · 2014J,208,0,0,0,1,yearly,EEE,London Region
EEE-2014J-635325,Sophia Patel,635325@education.demo,EEE · 2014J,2,11,141,0,0,yearly,EEE,East Anglian Region
EEE-2014J-643644,Olivia White,643644@education.demo,EEE · 2014J,257,0,0,0,0,yearly,EEE,North Western Region
EEE-2014J-644113,Harper Taylor,644113@education.demo,EEE · 2014J,10,2,84,0,0,yearly,EEE,East Midlands Region
EEE-2014J-648001,Lucas Wilson,648001@education.demo,EEE · 2014J,1,2,128,0,0,yearly,EEE,Yorkshire Region
EEE-2014J-648654,Sophia Anderson,648654@education.demo,EEE · 2014J,34,0,74,2,0,yearly,EEE,West Midlands Region
EEE-2014J-649506,Olivia Johnson,649506@education.demo,EEE · 2014J,113,0,0,0,0,yearly,EEE,Scotland
EEE-2014J-651156,Harper Johnson,651156@education.demo,EEE · 2014J,264,0,0,0,1,yearly,EEE,Yorkshire Region
EEE-2014J-675663,Charlotte White,675663@education.demo,EEE · 2014J,36,0,41,1,0,yearly,EEE,Scotland
EEE-2014J-677197,Olivia Martin,677197@education.demo,EEE · 2014J,89,0,0,0,0,yearly,EEE,Scotland
EEE-2014J-681095,Ava Khan,681095@education.demo,EEE · 2014J,243,0,0,0,1,yearly,EEE,Scotland
EEE-2014J-684511,Mia White,684511@education.demo,EEE · 2014J,28,0,86,0,0,yearly,EEE,West Midlands Region
EEE-2014J-685287,Mia Khan,685287@education.demo,EEE · 2014J,39,0,68,0,0,yearly,EEE,South West Region
EEE-2014J-685557,Lucas Taylor,685557@education.demo,EEE · 2014J,262,0,0,0,0,yearly,EEE,Scotland
EEE-2014J-688924,Leo Wilson,688924@education.demo,EEE · 2014J,35,0,24,0,0,yearly,EEE,Wales
EEE-2014J-689618,Lucas Patel,689618@education.demo,EEE · 2014J,0,0,0,0,1,yearly,EEE,Scotland
EEE-2014J-694106,Liam Brown,694106@education.demo,EEE · 2014J,0,0,0,0,1,yearly,EEE,London Region
FFF-2013B-134578,Henry Patel,134578@education.demo,FFF · 2013B,218,0,0,0,0,yearly,FFF,North Region
FFF-2013B-1761013,Benjamin White,1761013@education.demo,FFF · 2013B,8,435,17,0,0,yearly,FFF,Wales
FFF-2013B-203707,Sophia White,203707@education.demo,FFF · 2013B,19,146,249,1,0,yearly,FFF,East Anglian Region
FFF-2013B-2054019,Noah Lee,2054019@education.demo,FFF · 2013B,7,756,183,1,0,yearly,FFF,Scotland
FFF-2013B-2108821,Harper Martin,2108821@education.demo,FFF · 2013B,5,463,410,1,0,yearly,FFF,Scotland
FFF-2013B-228703,Noah Martin,228703@education.demo,FFF · 2013B,0,49,104,0,0,yearly,FFF,East Anglian Region
FFF-2013B-2392327,Leo Khan,2392327@education.demo,FFF · 2013B,69,0,0,1,0,yearly,FFF,Scotland
FFF-2013B-249570,Liam Johnson,249570@education.demo,FFF · 2013B,234,0,0,0,0,yearly,FFF,East Midlands Region
FFF-2013B-281651,Liam Garcia,281651@education.demo,FFF · 2013B,18,102,301,0,0,yearly,FFF,West Midlands Region
FFF-2013B-285391,James Johnson,285391@education.demo,FFF · 2013B,13,781,253,2,0,yearly,FFF,London Region
FFF-2013B-320764,James Brown,320764@education.demo,FFF · 2013B,0,0,0,0,0,yearly,FFF,North Western Region
FFF-2013B-324305,Harper Anderson,324305@education.demo,FFF · 2013B,173,0,0,0,1,yearly,FFF,East Midlands Region
FFF-2013B-328476,Charlotte Thomas,328476@education.demo,FFF · 2013B,22,120,291,0,0,yearly,FFF,West Midlands Region
FFF-2013B-346207,Ethan Lee,346207@education.demo,FFF · 2013B,19,126,527,0,0,yearly,FFF,Yorkshire Region
FFF-2013B-359640,Olivia Anderson,359640@education.demo,FFF · 2013B,2,140,475,0,0,yearly,FFF,South West Region
FFF-2013B-379558,Harper Wilson,379558@education.demo,FFF · 2013B,0,892,1234,5,0,yearly,FFF,Scotland
FFF-2013B-383946,Harper Johnson,383946@education.demo,FFF · 2013B,49,0,111,0,0,yearly,FFF,East Midlands Region
FFF-2013B-393934,James Johnson,393934@education.demo,FFF · 2013B,75,0,0,1,0,yearly,FFF,East Anglian Region
FFF-2013B-404559,Mia Wilson,404559@education.demo,FFF · 2013B,238,0,0,0,0,yearly,FFF,Scotland
FFF-2013B-416696,Amelia Brown,416696@education.demo,FFF · 2013B,77,0,0,0,1,yearly,FFF,Scotland
FFF-2013B-438323,Isabella Garcia,438323@education.demo,FFF · 2013B,19,184,41,0,0,yearly,FFF,South East Region
FFF-2013B-475681,Mia Garcia,475681@education.demo,FFF · 2013B,84,0,0,2,0,yearly,FFF,North Western Region
FFF-2013B-479892,Amelia Lee,479892@education.demo,FFF · 2013B,237,0,0,0,1,yearly,FFF,South West Region
FFF-2013B-482071,Henry Smith,482071@education.demo,FFF · 2013B,8,437,384,0,0,yearly,FFF,South Region
FFF-2013B-482268,Amelia Kim,482268@education.demo,FFF · 2013B,163,0,0,0,0,yearly,FFF,East Anglian Region
FFF-2013B-504243,Mia Taylor,504243@education.demo,FFF · 2013B,0,359,404,0,0,yearly,FFF,North Region
FFF-2013B-512305,Harper Khan,512305@education.demo,FFF · 2013B,212,0,0,0,1,yearly,FFF,London Region
FFF-2013B-520307,Liam Garcia,520307@education.demo,FFF · 2013B,224,0,0,0,1,yearly,FFF,East Anglian Region
FFF-2013B-520711,Noah White,520711@education.demo,FFF · 2013B,134,0,0,0,0,yearly,FFF,London Region
FFF-2013B-526527,Harper Jackson,526527@education.demo,FFF · 2013B,157,0,0,1,0,yearly,FFF,London Region
FFF-2013B-529381,Noah Brown,529381@education.demo,FFF · 2013B,157,0,0,0,1,yearly,FFF,London Region
FFF-2013B-536593,Sophia Taylor,536593@education.demo,FFF · 2013B,3,746,397,1,0,yearly,FFF,Ireland
FFF-2013B-539219,Henry Moore,539219@education.demo,FFF · 2013B,124,0,0,0,0,yearly,FFF,London Region
FFF-2013B-540160,Charlotte Taylor,540160@education.demo,FFF · 2013B,0,25,876,0,0,yearly,FFF,North Western Region
FFF-2013B-545720,Leo Taylor,545720@education.demo,FFF · 2013B,9,1017,0,2,0,yearly,FFF,North Region
FFF-2013B-545918,Ava Kim,545918@education.demo,FFF · 2013B,74,0,0,1,1,yearly,FFF,South Region
FFF-2013B-550026,Isabella Kim,550026@education.demo,FFF · 2013B,1,239,508,0,0,yearly,FFF,North Region
FFF-2013B-550272,Charlotte Taylor,550272@education.demo,FFF · 2013B,11,851,342,0,0,yearly,FFF,South Region
FFF-2013B-551058,Leo Garcia,551058@education.demo,FFF · 2013B,3,533,1252,0,0,yearly,FFF,South East Region
FFF-2013B-552648,Noah Smith,552648@education.demo,FFF · 2013B,15,207,863,1,0,yearly,FFF,North Western Region
FFF-2013B-553404,Charlotte Khan,553404@education.demo,FFF · 2013B,221,0,0,0,1,yearly,FFF,East Anglian Region
FFF-2013B-558957,Olivia Smith,558957@education.demo,FFF · 2013B,0,0,0,0,1,yearly,FFF,North Region
FFF-2013B-560067,Ava Martin,560067@education.demo,FFF · 2013B,108,0,0,1,0,yearly,FFF,South East Region
FFF-2013B-80886,Benjamin Johnson,80886@education.demo,FFF · 2013B,194,0,0,0,1,yearly,FFF,North Western Region
FFF-2013B-87152,Harper Martin,87152@education.demo,FFF · 2013B,27,1,518,0,0,yearly,FFF,East Anglian Region
FFF-2013B-89895,Mia Taylor,89895@education.demo,FFF · 2013B,13,430,813,0,0,yearly,FFF,Yorkshire Region
FFF-2013J-160720,James White,160720@education.demo,FFF · 2013J,262,0,0,0,1,yearly,FFF,Wales
FFF-2013J-1644647,Mia White,1644647@education.demo,FFF · 2013J,8,9,254,0,0,yearly,FFF,North Western Region
FFF-2013J-192680,Lucas Khan,192680@education.demo,FFF · 2013J,3,19,167,0,0,yearly,FFF,South West Region
FFF-2013J-1983331,Olivia Martin,1983331@education.demo,FFF · 2013J,284,0,0,0,1,yearly,FFF,North Western Region
FFF-2013J-2312279,Henry Lee,2312279@education.demo,FFF · 2013J,4,61,2327,1,0,yearly,FFF,West Midlands Region
FFF-2013J-235706,Amelia Khan,235706@education.demo,FFF · 2013J,174,0,0,0,0,yearly,FFF,West Midlands Region
FFF-2013J-2437051,Ava White,2437051@education.demo,FFF · 2013J,206,0,0,0,1,yearly,FFF,South West Region
FFF-2013J-255310,Ethan Lee,255310@education.demo,FFF · 2013J,6,10,607,0,0,yearly,FFF,East Midlands Region
FFF-2013J-261205,Olivia Khan,261205@education.demo,FFF · 2013J,109,0,0,1,0,yearly,FFF,North Region
FFF-2013J-2622634,Ethan Brown,2622634@education.demo,FFF · 2013J,261,0,0,0,1,yearly,FFF,Ireland
FFF-2013J-2678993,Henry Garcia,2678993@education.demo,FFF · 2013J,176,0,0,0,1,yearly,FFF,Scotland
FFF-2013J-268153,Ava Thomas,268153@education.demo,FFF · 2013J,0,35,555,0,0,yearly,FFF,North Western Region
FFF-2013J-301128,Leo Garcia,301128@education.demo,FFF · 2013J,0,0,0,0,1,yearly,FFF,East Midlands Region
FFF-2013J-330723,Isabella Thomas,330723@education.demo,FFF · 2013J,112,0,0,3,1,yearly,FFF,Wales
FFF-2013J-352083,Ava Garcia,352083@education.demo,FFF · 2013J,0,0,0,0,1,yearly,FFF,West Midlands Region
FFF-2013J-363738,Olivia Garcia,363738@education.demo,FFF · 2013J,178,0,0,0,1,yearly,FFF,East Anglian Region
FFF-2013J-369208,Henry Martin,369208@education.demo,FFF · 2013J,32,0,314,0,0,yearly,FFF,East Midlands Region
FFF-2013J-380435,Harper Brown,380435@education.demo,FFF · 2013J,1,30,254,0,0,yearly,FFF,East Midlands Region
FFF-2013J-397506,Olivia Thomas,397506@education.demo,FFF · 2013J,3,23,688,0,0,yearly,FFF,South Region
FFF-2013J-424437,Harper Wilson,424437@education.demo,FFF · 2013J,14,1,540,0,0,yearly,FFF,London Region
FFF-2013J-479828,Amelia White,479828@education.demo,FFF · 2013J,17,10,691,2,0,yearly,FFF,East Midlands Region
FFF-2013J-491688,James Lee,491688@education.demo,FFF · 2013J,279,0,0,0,1,yearly,FFF,South East Region
FFF-2013J-494191,Henry Kim,494191@education.demo,FFF · 2013J,0,0,0,0,1,yearly,FFF,East Anglian Region
FFF-2013J-501922,Lucas Lee,501922@education.demo,FFF · 2013J,222,0,0,0,0,yearly,FFF,London Region
FFF-2013J-508274,Noah Anderson,508274@education.demo,FFF · 2013J,0,7,1985,0,0,yearly,FFF,Yorkshire Region
FFF-2013J-517481,Harper Martin,517481@education.demo,FFF · 2013J,31,0,621,2,0,yearly,FFF,Ireland
FFF-2013J-517731,Sophia Smith,517731@education.demo,FFF · 2013J,14,5,322,0,0,yearly,FFF,South West Region
FFF-2013J-532895,Mia Martin,532895@education.demo,FFF · 2013J,178,0,0,0,1,yearly,FFF,South Region
FFF-2013J-543953,Ava Khan,543953@education.demo,FFF · 2013J,24,7,1719,1,0,yearly,FFF,South East Region
FFF-2013J-544745,Ethan Jackson,544745@education.demo,FFF · 2013J,171,0,0,2,1,yearly,FFF,South Region
FFF-2013J-551557,Ava White,551557@education.demo,FFF · 2013J,34,0,192,0,0,yearly,FFF,Yorkshire Region
FFF-2013J-558484,Olivia Khan,558484@education.demo,FFF · 2013J,0,30,996,0,0,yearly,FFF,South Region
FFF-2013J-559813,Leo Patel,559813@education.demo,FFF · 2013J,30,0,867,0,0,yearly,FFF,Wales
FFF-2013J-560703,Charlotte Anderson,560703@education.demo,FFF · 2013J,0,123,497,0,0,yearly,FFF,Yorkshire Region
FFF-2013J-563742,Ethan Moore,563742@education.demo,FFF · 2013J,149,0,0,2,1,yearly,FFF,East Anglian Region
FFF-2013J-568234,Olivia Thomas,568234@education.demo,FFF · 2013J,0,35,39,1,0,yearly,FFF,North Western Region
FFF-2013J-574871,Amelia Patel,574871@education.demo,FFF · 2013J,222,0,0,0,1,yearly,FFF,South East Region
FFF-2013J-578199,Leo Lee,578199@education.demo,FFF · 2013J,32,0,1003,1,0,yearly,FFF,Scotland
FFF-2013J-581135,Olivia Brown,581135@education.demo,FFF · 2013J,0,263,1062,0,0,yearly,FFF,South East Region
FFF-2013J-581532,Sophia Kim,581532@education.demo,FFF · 2013J,1,20,303,0,0,yearly,FFF,South Region
FFF-2013J-582063,Benjamin Kim,582063@education.demo,FFF · 2013J,1,77,413,0,0,yearly,FFF,East Anglian Region
FFF-2013J-582562,Noah Khan,582562@education.demo,FFF · 2013J,14,46,222,0,0,yearly,FFF,Scotland
FFF-2013J-584546,Benjamin White,584546@education.demo,FFF · 2013J,5,5,763,0,0,yearly,FFF,Yorkshire Region
FFF-2013J-585942,Lucas Patel,585942@education.demo,FFF · 2013J,76,0,0,2,0,yearly,FFF,East Anglian Region
FFF-2013J-586281,James Khan,586281@education.demo,FFF · 2013J,140,0,0,0,1,yearly,FFF,South East Region
FFF-2013J-586510,Isabella Taylor,586510@education.demo,FFF · 2013J,262,0,0,0,1,yearly,FFF,South Region
FFF-2013J-586781,Ava Martin,586781@education.demo,FFF · 2013J,7,296,360,0,0,yearly,FFF,South Region
FFF-2013J-587934,Ethan Thomas,587934@education.demo,FFF · 2013J,0,0,0,0,1,yearly,FFF,North Western Region
FFF-2013J-588672,Lucas Wilson,588672@education.demo,FFF · 2013J,0,25,638,0,0,yearly,FFF,Scotland
FFF-2013J-589828,Ethan Khan,589828@education.demo,FFF · 2013J,111,0,0,1,1,yearly,FFF,East Anglian Region
FFF-2013J-590128,Leo Brown,590128@education.demo,FFF · 2013J,229,0,0,0,0,yearly,FFF,South Region
FFF-2013J-592781,Isabella Khan,592781@education.demo,FFF · 2013J,0,14,284,0,0,yearly,FFF,North Western Region
FFF-2013J-592924,Liam Taylor,592924@education.demo,FFF · 2013J,6,5,825,2,0,yearly,FFF,West Midlands Region
FFF-2013J-593617,Ethan Khan,593617@education.demo,FFF · 2013J,238,0,0,0,1,yearly,FFF,Scotland
FFF-2013J-593671,Mia Kim,593671@education.demo,FFF · 2013J,257,0,0,0,0,yearly,FFF,North Western Region
FFF-2013J-595593,Noah Johnson,595593@education.demo,FFF · 2013J,169,0,0,0,0,yearly,FFF,Wales
FFF-2013J-596146,Harper Khan,596146@education.demo,FFF · 2013J,179,0,0,1,1,yearly,FFF,South East Region
FFF-2013J-596406,Liam Smith,596406@education.demo,FFF · 2013J,32,0,280,0,0,yearly,FFF,West Midlands Region
FFF-2013J-596490,Sophia Martin,596490@education.demo,FFF · 2013J,6,6,763,0,0,yearly,FFF,London Region
FFF-2013J-596829,Olivia Lee,596829@education.demo,FFF · 2013J,154,0,0,3,1,yearly,FFF,East Anglian Region
FFF-2013J-599718,Liam Kim,599718@education.demo,FFF · 2013J,14,1,993,1,0,yearly,FFF,Scotland
FFF-2013J-600558,Charlotte Moore,600558@education.demo,FFF · 2013J,11,3,426,0,0,yearly,FFF,Scotland
FFF-2013J-603204,Noah Jackson,603204@education.demo,FFF · 2013J,0,0,0,0,1,yearly,FFF,London Region
FFF-2013J-606930,Ethan Patel,606930@education.demo,FFF · 2013J,134,0,0,0,1,yearly,FFF,South Region
FFF-2013J-607068,Charlotte Anderson,607068@education.demo,FFF · 2013J,279,0,0,0,1,yearly,FFF,Scotland
FFF-2013J-611213,Lucas White,611213@education.demo,FFF · 2013J,270,0,0,0,1,yearly,FFF,East Midlands Region
FFF-2014B-1450604,Benjamin Brown,1450604@education.demo,FFF · 2014B,0,0,0,0,1,yearly,FFF,North Region
FFF-2014B-1884024,Sophia Smith,1884024@education.demo,FFF · 2014B,126,0,0,0,0,yearly,FFF,South Region
FFF-2014B-2256318,Lucas Kim,2256318@education.demo,FFF · 2014B,13,41,227,0,0,yearly,FFF,Yorkshire Region
FFF-2014B-2652268,Henry Johnson,2652268@education.demo,FFF · 2014B,239,0,0,0,0,yearly,FFF,West Midlands Region
FFF-2014B-442753,Isabella Lee,442753@education.demo,FFF · 2014B,77,0,0,0,1,yearly,FFF,North Western Region
FFF-2014B-445947,Benjamin Jackson,445947@education.demo,FFF · 2014B,43,0,297,0,0,yearly,FFF,Scotland
FFF-2014B-488386,Isabella Lee,488386@education.demo,FFF · 2014B,5,166,389,1,0,yearly,FFF,London Region
FFF-2014B-498006,Ethan Johnson,498006@education.demo,FFF · 2014B,4,218,625,0,0,yearly,FFF,South Region
FFF-2014B-526303,Leo Thomas,526303@education.demo,FFF · 2014B,4,145,553,1,0,yearly,FFF,Ireland
FFF-2014B-533198,James Patel,533198@education.demo,FFF · 2014B,120,0,0,0,1,yearly,FFF,East Anglian Region
FFF-2014B-543785,Mia Martin,543785@education.demo,FFF · 2014B,0,0,0,0,1,yearly,FFF,North Region
FFF-2014B-572870,Benjamin Patel,572870@education.demo,FFF · 2014B,0,60,59,0,0,yearly,FFF,East Midlands Region
FFF-2014B-573549,Noah Taylor,573549@education.demo,FFF · 2014B,0,121,759,1,0,yearly,FFF,London Region
FFF-2014B-576159,Lucas Anderson,576159@education.demo,FFF · 2014B,0,122,898,0,0,yearly,FFF,Scotland
FFF-2014B-578764,Ava Anderson,578764@education.demo,FFF · 2014B,3,176,183,0,0,yearly,FFF,East Anglian Region
FFF-2014B-579081,Sophia Jackson,579081@education.demo,FFF · 2014B,1,389,217,0,0,yearly,FFF,West Midlands Region
FFF-2014B-582553,Noah Moore,582553@education.demo,FFF · 2014B,66,0,0,0,0,yearly,FFF,Wales
FFF-2014B-583056,Mia Lee,583056@education.demo,FFF · 2014B,152,0,0,2,1,yearly,FFF,Ireland
FFF-2014B-590548,Liam Johnson,590548@education.demo,FFF · 2014B,162,0,0,0,1,yearly,FFF,South West Region
FFF-2014B-594374,Ava Khan,594374@education.demo,FFF · 2014B,4,1003,284,3,0,yearly,FFF,Yorkshire Region
FFF-2014B-595895,James Kim,595895@education.demo,FFF · 2014B,163,0,0,0,0,yearly,FFF,Ireland
FFF-2014B-597386,James Moore,597386@education.demo,FFF · 2014B,178,0,0,1,1,yearly,FFF,Scotland
FFF-2014B-598642,Lucas Anderson,598642@education.demo,FFF · 2014B,13,459,493,3,0,yearly,FFF,Wales
FFF-2014B-607702,Ava Moore,607702@education.demo,FFF · 2014B,129,0,0,1,0,yearly,FFF,North Western Region
FFF-2014B-608173,Ethan Martin,608173@education.demo,FFF · 2014B,239,0,0,0,1,yearly,FFF,Wales
FFF-2014B-610775,Benjamin Martin,610775@education.demo,FFF · 2014B,12,144,312,0,0,yearly,FFF,South East Region
FFF-2014B-613417,James White,613417@education.demo,FFF · 2014B,183,0,0,0,0,yearly,FFF,Wales
FFF-2014B-614059,Isabella Jackson,614059@education.demo,FFF · 2014B,217,0,0,0,1,yearly,FFF,South Region
FFF-2014B-616557,Harper Johnson,616557@education.demo,FFF · 2014B,0,0,0,0,1,yearly,FFF,Yorkshire Region
FFF-2014B-616794,Henry Taylor,616794@education.demo,FFF · 2014B,15,527,882,2,0,yearly,FFF,Scotland
FFF-2014B-617343,Mia Martin,617343@education.demo,FFF · 2014B,155,0,0,0,1,yearly,FFF,London Region
FFF-2014B-620200,Ethan Thomas,620200@education.demo,FFF · 2014B,6,415,396,1,0,yearly,FFF,South Region
FFF-2014B-621741,Harper White,621741@education.demo,FFF · 2014B,231,0,0,0,0,yearly,FFF,Yorkshire Region
FFF-2014B-622038,Charlotte Thomas,622038@education.demo,FFF · 2014B,0,0,0,0,1,yearly,FFF,North Western Region
FFF-2014B-622897,Amelia Khan,622897@education.demo,FFF · 2014B,219,0,0,0,1,yearly,FFF,London Region
FFF-2014B-623948,Isabella White,623948@education.demo,FFF · 2014B,3,430,1234,0,0,yearly,FFF,South West Region
FFF-2014B-624376,Ava Anderson,624376@education.demo,FFF · 2014B,212,0,0,0,1,yearly,FFF,West Midlands Region
FFF-2014B-625043,James Khan,625043@education.demo,FFF · 2014B,232,0,0,0,1,yearly,FFF,London Region
FFF-2014B-628476,Liam Johnson,628476@education.demo,FFF · 2014B,21,14,24,6,1,yearly,FFF,West Midlands Region
FFF-2014B-629386,Benjamin Patel,629386@education.demo,FFF · 2014B,95,0,0,0,0,yearly,FFF,North Western Region
FFF-2014B-629404,Henry Wilson,629404@education.demo,FFF · 2014B,219,0,0,0,1,yearly,FFF,South West Region
FFF-2014B-630654,Benjamin Martin,630654@education.demo,FFF · 2014B,13,836,312,0,0,yearly,FFF,East Anglian Region
FFF-2014B-632895,Ethan Wilson,632895@education.demo,FFF · 2014B,0,3,92,0,0,yearly,FFF,East Anglian Region
FFF-2014B-633403,Leo Johnson,633403@education.demo,FFF · 2014B,153,0,0,1,0,yearly,FFF,South East Region
FFF-2014B-633625,Sophia White,633625@education.demo,FFF · 2014B,57,0,0,3,1,yearly,FFF,North Region
FFF-2014B-634431,Henry Johnson,634431@education.demo,FFF · 2014B,15,37,135,0,0,yearly,FFF,Yorkshire Region
FFF-2014B-634479,Ava Thomas,634479@education.demo,FFF · 2014B,67,0,0,0,0,yearly,FFF,South West Region
FFF-2014B-634774,Sophia Jackson,634774@education.demo,FFF · 2014B,180,0,0,0,1,yearly,FFF,Scotland
FFF-2014B-634924,Liam Lee,634924@education.demo,FFF · 2014B,1,62,567,0,0,yearly,FFF,Scotland
FFF-2014B-74524,Harper Wilson,74524@education.demo,FFF · 2014B,183,0,0,1,0,yearly,FFF,East Midlands Region
FFF-2014J-1021350,Charlotte Thomas,1021350@education.demo,FFF · 2014J,57,0,0,0,0,yearly,FFF,London Region
FFF-2014J-107455,James Martin,107455@education.demo,FFF · 2014J,47,0,12,1,0,yearly,FFF,Ireland
FFF-2014J-132475,Amelia Khan,132475@education.demo,FFF · 2014J,27,3,453,1,0,yearly,FFF,Scotland
FFF-2014J-1879321,Henry White,1879321@education.demo,FFF · 2014J,3,47,533,0,0,yearly,FFF,Ireland
FFF-2014J-2035700,James Patel,2035700@education.demo,FFF · 2014J,8,30,793,0,0,yearly,FFF,South West Region
FFF-2014J-2104819,Isabella Moore,2104819@education.demo,FFF · 2014J,200,0,0,0,1,yearly,FFF,Wales
FFF-2014J-2195853,Harper Smith,2195853@education.demo,FFF · 2014J,237,0,0,0,0,yearly,FFF,North Region
FFF-2014J-2282620,Ethan Wilson,2282620@education.demo,FFF · 2014J,175,0,0,0,0,yearly,FFF,West Midlands Region
FFF-2014J-251397,Liam Taylor,251397@education.demo,FFF · 2014J,0,0,0,0,1,yearly,FFF,London Region
FFF-2014J-253633,Amelia Garcia,253633@education.demo,FFF · 2014J,30,0,575,0,0,yearly,FFF,South West Region
FFF-2014J-2558365,Mia Patel,2558365@education.demo,FFF · 2014J,28,0,13,1,0,yearly,FFF,North Western Region
FFF-2014J-2649121,Ava Patel,2649121@education.demo,FFF · 2014J,271,0,0,0,1,yearly,FFF,Yorkshire Region
FFF-2014J-2657913,Liam Thomas,2657913@education.demo,FFF · 2014J,4,13,367,0,0,yearly,FFF,London Region
FFF-2014J-2678580,Harper Garcia,2678580@education.demo,FFF · 2014J,176,0,0,0,1,yearly,FFF,North Western Region
FFF-2014J-413949,James Taylor,413949@education.demo,FFF · 2014J,3,13,823,0,0,yearly,FFF,Scotland
FFF-2014J-475566,Charlotte White,475566@education.demo,FFF · 2014J,0,0,0,0,1,yearly,FFF,London Region
FFF-2014J-494046,Ava Jackson,494046@education.demo,FFF · 2014J,12,2,241,0,0,yearly,FFF,Yorkshire Region
FFF-2014J-500618,Ethan Johnson,500618@education.demo,FFF · 2014J,28,0,587,0,0,yearly,FFF,East Anglian Region
FFF-2014J-506705,Liam Smith,506705@education.demo,FFF · 2014J,27,1,614,0,0,yearly,FFF,South West Region
FFF-2014J-522082,Noah Jackson,522082@education.demo,FFF · 2014J,21,2,411,0,0,yearly,FFF,North Western Region
FFF-2014J-52275,Olivia Wilson,52275@education.demo,FFF · 2014J,234,0,0,1,0,yearly,FFF,London Region
FFF-2014J-536475,Olivia Smith,536475@education.demo,FFF · 2014J,13,2,899,0,0,yearly,FFF,Wales
FFF-2014J-562762,Harper Taylor,562762@education.demo,FFF · 2014J,0,0,0,0,1,yearly,FFF,London Region
FFF-2014J-564770,Amelia Lee,564770@education.demo,FFF · 2014J,183,0,0,0,0,yearly,FFF,South West Region
FFF-2014J-570213,Amelia Martin,570213@education.demo,FFF · 2014J,1,11,1186,2,0,yearly,FFF,South Region
FFF-2014J-574527,Ethan Thomas,574527@education.demo,FFF · 2014J,1,562,1439,0,0,yearly,FFF,London Region
FFF-2014J-585825,James Khan,585825@education.demo,FFF · 2014J,170,0,0,0,1,yearly,FFF,Wales
FFF-2014J-588128,Olivia Garcia,588128@education.demo,FFF · 2014J,7,1,122,0,0,yearly,FFF,East Anglian Region
FFF-2014J-590462,Leo Martin,590462@education.demo,FFF · 2014J,174,0,0,0,1,yearly,FFF,North Western Region
FFF-2014J-596052,Liam Khan,596052@education.demo,FFF · 2014J,231,0,0,0,1,yearly,FFF,South East Region
FFF-2014J-607700,Ava White,607700@education.demo,FFF · 2014J,0,17,249,0,0,yearly,FFF,Ireland
FFF-2014J-619204,Noah Smith,619204@education.demo,FFF · 2014J,29,0,299,0,0,yearly,FFF,South Region
FFF-2014J-622029,Sophia Johnson,622029@education.demo,FFF · 2014J,237,0,0,0,1,yearly,FFF,West Midlands Region
FFF-2014J-622362,Ava Jackson,622362@education.demo,FFF · 2014J,224,0,0,0,1,yearly,FFF,North Western Region
FFF-2014J-631681,Isabella Anderson,631681@education.demo,FFF · 2014J,28,0,932,1,0,yearly,FFF,North Region
FFF-2014J-631715,Amelia Thomas,631715@education.demo,FFF · 2014J,20,4,890,0,0,yearly,FFF,South Region
FFF-2014J-635184,Lucas Lee,635184@education.demo,FFF · 2014J,30,0,88,1,0,yearly,FFF,Ireland
FFF-2014J-639522,James Brown,639522@education.demo,FFF · 2014J,6,3,268,0,0,yearly,FFF,South East Region
FFF-2014J-642448,Leo Brown,642448@education.demo,FFF · 2014J,18,2,247,0,0,yearly,FFF,South Region
FFF-2014J-642750,Olivia Smith,642750@education.demo,FFF · 2014J,14,47,881,2,0,yearly,FFF,London Region
FFF-2014J-643326,Harper Brown,643326@education.demo,FFF · 2014J,28,0,1451,1,0,yearly,FFF,West Midlands Region
FFF-2014J-643591,Isabella Anderson,643591@education.demo,FFF · 2014J,22,5,311,0,0,yearly,FFF,South West Region
FFF-2014J-644450,Ava Smith,644450@education.demo,FFF · 2014J,4,9,897,0,0,yearly,FFF,East Midlands Region
FFF-2014J-645529,Benjamin Johnson,645529@education.demo,FFF · 2014J,0,0,0,0,1,yearly,FFF,South West Region
FFF-2014J-648244,Henry Taylor,648244@education.demo,FFF · 2014J,134,0,0,0,0,yearly,FFF,Wales
FFF-2014J-648576,Noah Kim,648576@education.demo,FFF · 2014J,284,0,0,0,0,yearly,FFF,East Midlands Region
FFF-2014J-648613,Mia Anderson,648613@education.demo,FFF · 2014J,18,12,1965,0,0,yearly,FFF,East Anglian Region
FFF-2014J-649004,Olivia Martin,649004@education.demo,FFF · 2014J,6,12,987,0,0,yearly,FFF,London Region
FFF-2014J-649036,Noah Garcia,649036@education.demo,FFF · 2014J,218,0,0,0,1,yearly,FFF,East Anglian Region
FFF-2014J-649325,Amelia Lee,649325@education.demo,FFF · 2014J,176,0,0,1,1,yearly,FFF,West Midlands Region
FFF-2014J-650353,Mia Garcia,650353@education.demo,FFF · 2014J,0,0,0,0,1,yearly,FFF,East Anglian Region
FFF-2014J-651182,Liam Brown,651182@education.demo,FFF · 2014J,11,3,691,1,0,yearly,FFF,West Midlands Region
FFF-2014J-653567,Amelia Lee,653567@education.demo,FFF · 2014J,1,7,688,0,0,yearly,FFF,North Region
FFF-2014J-656158,Olivia Anderson,656158@education.demo,FFF · 2014J,13,15,1129,0,0,yearly,FFF,North Western Region
FFF-2014J-656159,Harper Martin,656159@education.demo,FFF · 2014J,12,8,1026,0,0,yearly,FFF,London Region
FFF-2014J-656579,Charlotte Kim,656579@education.demo,FFF · 2014J,22,1,411,0,0,yearly,FFF,South West Region
FFF-2014J-675818,Isabella Khan,675818@education.demo,FFF · 2014J,244,0,0,0,1,yearly,FFF,East Midlands Region
FFF-2014J-677221,Mia Taylor,677221@education.demo,FFF · 2014J,8,10,2030,0,0,yearly,FFF,Scotland
FFF-2014J-678235,Henry Martin,678235@education.demo,FFF · 2014J,8,74,1292,0,0,yearly,FFF,West Midlands Region
FFF-2014J-678819,Harper Thomas,678819@education.demo,FFF · 2014J,2,6,573,0,0,yearly,FFF,Wales
FFF-2014J-678954,Isabella Taylor,678954@education.demo,FFF · 2014J,5,32,193,0,0,yearly,FFF,East Anglian Region
FFF-2014J-679790,Benjamin Smith,679790@education.demo,FFF · 2014J,22,38,640,2,0,yearly,FFF,London Region
FFF-2014J-680708,Ethan Patel,680708@education.demo,FFF · 2014J,28,0,890,0,0,yearly,FFF,Scotland
FFF-2014J-680955,Amelia Wilson,680955@education.demo,FFF · 2014J,0,27,576,0,0,yearly,FFF,South West Region
FFF-2014J-682391,Harper Garcia,682391@education.demo,FFF · 2014J,143,0,0,0,0,yearly,FFF,Scotland
FFF-2014J-683352,Amelia Johnson,683352@education.demo,FFF · 2014J,27,1,640,0,0,yearly,FFF,Yorkshire Region
FFF-2014J-684572,Liam Jackson,684572@education.demo,FFF · 2014J,211,0,0,0,1,yearly,FFF,South West Region
FFF-2014J-685373,James Patel,685373@education.demo,FFF · 2014J,4,35,523,0,0,yearly,FFF,Yorkshire Region
FFF-2014J-685772,Liam Lee,685772@education.demo,FFF · 2014J,0,7,199,1,0,yearly,FFF,South Region
FFF-2014J-686946,Henry Smith,686946@education.demo,FFF · 2014J,8,1,1610,0,0,yearly,FFF,London Region
FFF-2014J-687112,Noah Kim,687112@education.demo,FFF · 2014J,23,3,468,1,0,yearly,FFF,North Western Region
FFF-2014J-687686,James Taylor,687686@education.demo,FFF · 2014J,32,0,437,0,0,yearly,FFF,South Region
FFF-2014J-687988,Olivia Smith,687988@education.demo,FFF · 2014J,0,23,585,0,0,yearly,FFF,Ireland
FFF-2014J-691932,Sophia Lee,691932@education.demo,FFF · 2014J,33,0,368,1,0,yearly,FFF,North Western Region
FFF-2014J-692946,Leo Wilson,692946@education.demo,FFF · 2014J,18,5,0,2,0,yearly,FFF,South East Region
FFF-2014J-697998,Charlotte Kim,697998@education.demo,FFF · 2014J,4,16,341,0,0,yearly,FFF,East Anglian Region
FFF-2014J-91801,Liam Wilson,91801@education.demo,FFF · 2014J,190,0,0,0,1,yearly,FFF,Yorkshire Region
GGG-2013J-1347253,Charlotte Anderson,1347253@education.demo,GGG · 2013J,0,21,136,0,0,yearly,GGG,West Midlands Region
GGG-2013J-253567,Henry Garcia,253567@education.demo,GGG · 2013J,33,0,93,0,0,yearly,GGG,West Midlands Region
GGG-2013J-387550,Ava Thomas,387550@education.demo,GGG · 2013J,128,0,0,0,0,yearly,GGG,London Region
GGG-2013J-404325,Ava Khan,404325@education.demo,GGG · 2013J,32,0,140,1,0,yearly,GGG,London Region
GGG-2013J-427321,Henry Patel,427321@education.demo,GGG · 2013J,32,0,211,0,0,yearly,GGG,North Western Region
GGG-2013J-473271,Lucas Martin,473271@education.demo,GGG · 2013J,33,0,230,1,0,yearly,GGG,South East Region
GGG-2013J-473924,Harper Moore,473924@education.demo,GGG · 2013J,12,21,97,0,0,yearly,GGG,London Region
GGG-2013J-493763,Isabella Thomas,493763@education.demo,GGG · 2013J,24,45,159,1,0,yearly,GGG,South Region
GGG-2013J-495276,Sophia Wilson,495276@education.demo,GGG · 2013J,19,16,212,0,0,yearly,GGG,South East Region
GGG-2013J-523803,Amelia Johnson,523803@education.demo,GGG · 2013J,13,1,142,0,0,yearly,GGG,Yorkshire Region
GGG-2013J-556523,Olivia Jackson,556523@education.demo,GGG · 2013J,25,36,113,0,0,yearly,GGG,Scotland
GGG-2013J-575984,Sophia Johnson,575984@education.demo,GGG · 2013J,32,0,75,1,0,yearly,GGG,South Region
GGG-2013J-576948,Olivia Smith,576948@education.demo,GGG · 2013J,32,0,276,1,0,yearly,GGG,South Region
GGG-2013J-580860,Ava White,580860@education.demo,GGG · 2013J,20,13,86,0,0,yearly,GGG,South West Region
GGG-2013J-582460,Leo Smith,582460@education.demo,GGG · 2013J,0,10,184,0,0,yearly,GGG,East Anglian Region
GGG-2013J-583730,Harper Khan,583730@education.demo,GGG · 2013J,12,19,184,1,0,yearly,GGG,East Midlands Region
GGG-2013J-584733,Olivia Patel,584733@education.demo,GGG · 2013J,32,0,83,0,0,yearly,GGG,South West Region
GGG-2013J-586083,Amelia Jackson,586083@education.demo,GGG · 2013J,184,0,0,1,0,yearly,GGG,East Midlands Region
GGG-2013J-587283,Lucas Brown,587283@education.demo,GGG · 2013J,127,0,0,0,0,yearly,GGG,South Region
GGG-2013J-587509,Olivia Anderson,587509@education.demo,GGG · 2013J,53,0,1,0,0,yearly,GGG,East Midlands Region
GGG-2013J-589919,Liam Jackson,589919@education.demo,GGG · 2013J,200,0,0,0,0,yearly,GGG,West Midlands Region
GGG-2013J-590590,Charlotte Wilson,590590@education.demo,GGG · 2013J,159,0,0,0,1,yearly,GGG,South West Region
GGG-2013J-591804,Isabella Anderson,591804@education.demo,GGG · 2013J,22,1,73,0,0,yearly,GGG,North Western Region
GGG-2013J-593819,Isabella Wilson,593819@education.demo,GGG · 2013J,21,1,92,0,0,yearly,GGG,South West Region
GGG-2013J-596214,Lucas Smith,596214@education.demo,GGG · 2013J,139,0,0,0,0,yearly,GGG,London Region
GGG-2013J-597360,Leo Patel,597360@education.demo,GGG · 2013J,5,6,221,0,0,yearly,GGG,East Midlands Region
GGG-2013J-601275,Ethan Patel,601275@education.demo,GGG · 2013J,32,0,154,2,0,yearly,GGG,East Anglian Region
GGG-2013J-601983,Noah Wilson,601983@education.demo,GGG · 2013J,20,2,135,0,0,yearly,GGG,South West Region
GGG-2013J-602470,Ava Garcia,602470@education.demo,GGG · 2013J,33,0,200,0,0,yearly,GGG,East Anglian Region
GGG-2013J-604498,Noah White,604498@education.demo,GGG · 2013J,0,7,309,1,0,yearly,GGG,Yorkshire Region
GGG-2013J-605225,Benjamin Johnson,605225@education.demo,GGG · 2013J,47,0,187,0,0,yearly,GGG,London Region
GGG-2013J-607337,Sophia Brown,607337@education.demo,GGG · 2013J,108,0,0,2,0,yearly,GGG,East Anglian Region
GGG-2013J-80448,Charlotte White,80448@education.demo,GGG · 2013J,36,0,26,0,1,yearly,GGG,East Midlands Region
GGG-2014B-160945,Liam Wilson,160945@education.demo,GGG · 2014B,20,143,0,0,0,yearly,GGG,East Anglian Region
GGG-2014B-282388,Isabella Taylor,282388@education.demo,GGG · 2014B,45,0,173,0,0,yearly,GGG,East Midlands Region
GGG-2014B-345881,Olivia Jackson,345881@education.demo,GGG · 2014B,19,27,163,0,0,yearly,GGG,West Midlands Region
GGG-2014B-480086,Lucas Jackson,480086@education.demo,GGG · 2014B,9,15,5,0,0,yearly,GGG,South West Region
GGG-2014B-486279,Harper Lee,486279@education.demo,GGG · 2014B,0,41,97,0,0,yearly,GGG,South West Region
GGG-2014B-543910,Liam Martin,543910@education.demo,GGG · 2014B,21,2,74,0,0,yearly,GGG,South Region
GGG-2014B-550515,Amelia Jackson,550515@education.demo,GGG · 2014B,27,1,45,1,0,yearly,GGG,East Midlands Region
GGG-2014B-588031,Noah Moore,588031@education.demo,GGG · 2014B,36,0,65,4,0,yearly,GGG,South West Region
GGG-2014B-596513,James Johnson,596513@education.demo,GGG · 2014B,4,144,190,0,0,yearly,GGG,Yorkshire Region
GGG-2014B-604504,Liam Thomas,604504@education.demo,GGG · 2014B,5,1,192,0,0,yearly,GGG,West Midlands Region
GGG-2014B-607547,Sophia Khan,607547@education.demo,GGG · 2014B,21,1,84,0,0,yearly,GGG,West Midlands Region
GGG-2014B-608221,Sophia Patel,608221@education.demo,GGG · 2014B,13,38,12,1,0,yearly,GGG,North Region
GGG-2014B-611534,Benjamin Khan,611534@education.demo,GGG · 2014B,170,0,0,0,0,yearly,GGG,London Region
GGG-2014B-617114,Leo Wilson,617114@education.demo,GGG · 2014B,124,0,0,0,0,yearly,GGG,Yorkshire Region
GGG-2014B-617238,Ava Johnson,617238@education.demo,GGG · 2014B,79,0,0,1,0,yearly,GGG,South West Region
GGG-2014B-622166,Mia Taylor,622166@education.demo,GGG · 2014B,0,109,264,0,0,yearly,GGG,South Region
GGG-2014B-622352,Benjamin Martin,622352@education.demo,GGG · 2014B,5,83,68,0,0,yearly,GGG,Yorkshire Region
GGG-2014B-622356,Amelia Kim,622356@education.demo,GGG · 2014B,0,0,0,0,0,yearly,GGG,West Midlands Region
GGG-2014B-623010,Liam Johnson,623010@education.demo,GGG · 2014B,3,208,213,0,0,yearly,GGG,South Region
GGG-2014B-629813,Liam Moore,629813@education.demo,GGG · 2014B,68,0,0,0,0,yearly,GGG,East Anglian Region
GGG-2014B-629820,Isabella Johnson,629820@education.demo,GGG · 2014B,26,4,112,0,0,yearly,GGG,South West Region
GGG-2014B-632558,Liam Patel,632558@education.demo,GGG · 2014B,216,0,0,0,0,yearly,GGG,South East Region
GGG-2014B-632559,Liam Lee,632559@education.demo,GGG · 2014B,27,5,135,0,0,yearly,GGG,London Region
GGG-2014B-633429,Noah Brown,633429@education.demo,GGG · 2014B,13,44,166,0,0,yearly,GGG,East Midlands Region
GGG-2014B-634027,Benjamin Anderson,634027@education.demo,GGG · 2014B,162,0,0,2,0,yearly,GGG,Yorkshire Region
GGG-2014J-2475886,Ethan Martin,2475886@education.demo,GGG · 2014J,229,0,0,0,0,yearly,GGG,East Anglian Region
GGG-2014J-386180,Ava White,386180@education.demo,GGG · 2014J,8,340,83,0,0,yearly,GGG,East Anglian Region
GGG-2014J-470187,Ava Taylor,470187@education.demo,GGG · 2014J,8,53,0,0,0,yearly,GGG,East Midlands Region
GGG-2014J-569672,Amelia Smith,569672@education.demo,GGG · 2014J,14,32,33,0,0,yearly,GGG,East Anglian Region
GGG-2014J-633060,Ava Taylor,633060@education.demo,GGG · 2014J,12,27,54,0,0,yearly,GGG,East Anglian Region
GGG-2014J-646401,Ethan Taylor,646401@education.demo,GGG · 2014J,219,0,0,0,1,yearly,GGG,London Region
GGG-2014J-647102,James White,647102@education.demo,GGG · 2014J,4,101,272,0,0,yearly,GGG,London Region
GGG-2014J-649206,Leo Brown,649206@education.demo,GGG · 2014J,15,45,188,0,0,yearly,GGG,East Midlands Region
GGG-2014J-652435,Mia Smith,652435@education.demo,GGG · 2014J,8,194,8,0,0,yearly,GGG,East Midlands Region
GGG-2014J-657351,Leo Johnson,657351@education.demo,GGG · 2014J,210,0,0,0,1,yearly,GGG,East Anglian Region
GGG-2014J-675629,Amelia Khan,675629@education.demo,GGG · 2014J,0,0,0,0,0,yearly,GGG,East Anglian Region
GGG-2014J-675888,Lucas Martin,675888@education.demo,GGG · 2014J,220,0,0,0,0,yearly,GGG,Wales
GGG-2014J-676742,Olivia White,676742@education.demo,GGG · 2014J,0,0,0,0,1,yearly,GGG,London Region
GGG-2014J-691281,James Wilson,691281@education.demo,GGG · 2014J,9,234,27,4,0,yearly,GGG,London Region
GGG-2014J-696711,Henry Smith,696711@education.demo,GGG · 2014J,0,0,0,0,0,yearly,GGG,Wales
GGG-2014J-698548,Lucas Smith,698548@education.demo,GGG · 2014J,0,182,55,1,0,yearly,GGG,South East Region
GGG-2014J-699461,Lucas Patel,699461@education.demo,GGG · 2014J,13,125,111,1,0,yearly,GGG,London Region
